time,ODE_y0,ODE_y1
0,1,0
0.001,0.999980273253,-0.0394409739267
0.002,0.999921143329,-0.0788061177976
0.003,0.999822686764,-0.11809402181
0.004,0.9996849815,-0.157303281861
0.005,0.999508106881,-0.196432499596
0.006,0.999292143646,-0.235480282449
0.007,0.999037173924,-0.274445243689
0.008,0.998743281226,-0.313326002463
0.009,0.998410550445,-0.352121183839
0.01,0.998039067841,-0.390829418851
0.011,0.997628921044,-0.429449344538
0.012,0.997180199041,-0.467979603991
0.013,0.996692992175,-0.50641884639
0.014,0.996167392135,-0.544765727052
0.015,0.995603491954,-0.583018907467
0.016,0.995001385998,-0.621177055341
0.017,0.994361169963,-0.659238844639
0.018,0.993682940869,-0.697202955623
0.019,0.992966797049,-0.735068074891
0.02,0.992212838152,-0.77283289542
0.021,0.991421165125,-0.810496116606
0.022,0.990591880217,-0.848056444299
0.023,0.989725086964,-0.885512590845
0.024,0.988820890189,-0.922863275124
0.025,0.987879395993,-0.960107222589
0.026,0.986900711746,-0.997243165302
0.027,0.985884946084,-1.03426984197
0.028,0.984832208902,-1.071185998
0.029,0.983742611345,-1.10799038549
0.03,0.982616265801,-1.14468176332
0.031,0.9814532859,-1.18125889717
0.032,0.980253786498,-1.21772055953
0.033,0.979017883678,-1.25406552976
0.034,0.97774569474,-1.29029259414
0.035,0.976437338194,-1.32640054587
0.036,0.975092933753,-1.36238818512
0.037,0.973712602326,-1.39825431906
0.038,0.972296466012,-1.43399776192
0.039,0.970844648092,-1.46961733498
0.04,0.969357273023,-1.50511186664
0.041,0.967834466428,-1.54048019242
0.042,0.966276355093,-1.57572115504
0.043,0.964683066956,-1.61083360439
0.044,0.963054731103,-1.64581639762
0.045,0.961391477758,-1.68066839913
0.046,0.959693438278,-1.71538848062
0.047,0.957960745144,-1.74997552113
0.048,0.956193531954,-1.78442840705
0.049,0.954391933417,-1.81874603215
0.05,0.952556085343,-1.85292729762
0.051,0.950686124639,-1.88697111212
0.052,0.948782189297,-1.92087639176
0.053,0.946844418393,-1.95464206016
0.054,0.944872952071,-1.98826704848
0.055,0.942867931543,-2.02175029544
0.056,0.940829499078,-2.05509074736
0.057,0.938757797996,-2.08828735815
0.058,0.936652972655,-2.12133908938
0.059,0.934515168454,-2.15424491029
0.06,0.932344531813,-2.18700379782
0.061,0.930141210175,-2.21961473661
0.062,0.927905351992,-2.25207671908
0.063,0.925637106722,-2.28438874539
0.064,0.923336624818,-2.31654982352
0.065,0.921004057719,-2.34855896927
0.066,0.918639557849,-2.38041520627
0.067,0.916243278599,-2.41211756603
0.068,0.91381537433,-2.44366508795
0.069,0.911356000354,-2.47505681936
0.07,0.908865312936,-2.50629181552
0.071,0.90634346928,-2.53736913963
0.072,0.903790627524,-2.5682878629
0.073,0.901206946729,-2.59904706453
0.074,0.898592586873,-2.62964583176
0.075,0.895947708845,-2.66008325987
0.076,0.893272474432,-2.6903584522
0.077,0.890567046316,-2.72047052017
0.078,0.887831588061,-2.75041858334
0.079,0.885066264108,-2.78020176936
0.08,0.882271239769,-2.80981921405
0.081,0.879446681213,-2.83927006139
0.082,0.876592755462,-2.86855346353
0.083,0.873709630381,-2.89766858083
0.084,0.870797474672,-2.92661458188
0.085,0.867856457864,-2.95539064347
0.086,0.864886750304,-2.9839959507
0.087,0.86188852315,-3.01242969688
0.088,0.858861948363,-3.04069108364
0.089,0.855807198699,-3.0687793209
0.09,0.852724447699,-3.09669362691
0.091,0.849613869681,-3.12443322824
0.092,0.846475639733,-3.1519973598
0.093,0.843309933703,-3.17938526489
0.094,0.840116928195,-3.20659619515
0.095,0.836896800552,-3.23362941063
0.096,0.833649728856,-3.26048417979
0.097,0.830375891915,-3.28715977948
0.098,0.827075469258,-3.313655495
0.099,0.823748641122,-3.33997062008
0.1,0.820395588448,-3.36610445692
0.101,0.817016492868,-3.39205631616
0.102,0.813611536702,-3.41782551692
0.103,0.810180902945,-3.44341138683
0.104,0.80672477526,-3.46881326199
0.105,0.803243337971,-3.49403048701
0.106,0.799736776052,-3.51906241504
0.107,0.79620527512,-3.54390840773
0.108,0.792649021425,-3.56856783529
0.109,0.789068201845,-3.59304007644
0.11,0.785463003872,-3.61732451849
0.111,0.781833615609,-3.64142055729
0.112,0.778180225757,-3.66532759726
0.113,0.77450302361,-3.68904505139
0.114,0.770802199043,-3.71257234129
0.115,0.767077942506,-3.7359088971
0.116,0.763330445014,-3.75905415761
0.117,0.75955989814,-3.78200757017
0.118,0.755766494005,-3.80476859077
0.119,0.751950425268,-3.82733668399
0.12,0.748111885122,-3.84971132305
0.121,0.74425106728,-3.87189198977
0.122,0.74036816597,-3.8938781746
0.123,0.736463375925,-3.91566937663
0.124,0.732536892375,-3.93726510358
0.125,0.728588911038,-3.9586648718
0.126,0.72461962811,-3.97986820629
0.127,0.720629240259,-4.00087464069
0.128,0.716617944614,-4.02168371727
0.129,0.71258593876,-4.04229498697
0.13,0.708533420723,-4.06270800936
0.131,0.704460588968,-4.08292235266
0.132,0.700367642385,-4.10293759375
0.133,0.696254780286,-4.12275331815
0.134,0.69212220239,-4.14236912002
0.135,0.68797010882,-4.1617846022
0.136,0.683798700089,-4.18099937615
0.137,0.679608177097,-4.20001306198
0.138,0.675398741118,-4.21882528847
0.139,0.671170593794,-4.23743569302
0.14,0.666923937124,-4.25584392169
0.141,0.662658973458,-4.27404962916
0.142,0.658375905486,-4.29205247877
0.143,0.654074936229,-4.30985214249
0.144,0.649756269036,-4.3274483009
0.145,0.645420107566,-4.34484064325
0.146,0.641066655789,-4.36202886736
0.147,0.636696117969,-4.37901267972
0.148,0.632308698662,-4.39579179541
0.149,0.627904602703,-4.41236593812
0.15,0.6234840352,-4.42873484016
0.151,0.619047201523,-4.44489824241
0.152,0.614594307298,-4.46085589436
0.153,0.610125558398,-4.47660755411
0.154,0.605641160932,-4.4921529883
0.155,0.601141321239,-4.50749197216
0.156,0.596626245877,-4.5226242895
0.157,0.592096141618,-4.53754973266
0.158,0.587551215436,-4.55226810255
0.159,0.582991674501,-4.56677920862
0.16,0.578417726168,-4.58108286886
0.161,0.57382957797,-4.59517890976
0.162,0.56922743761,-4.60906716634
0.163,0.564611512951,-4.62274748214
0.164,0.559982012009,-4.63621970918
0.165,0.555339142943,-4.64948370797
0.166,0.550683114046,-4.66253934748
0.167,0.546014133742,-4.67538650518
0.168,0.541332410568,-4.68802506696
0.169,0.536638153175,-4.70045492717
0.17,0.531931570314,-4.71267598858
0.171,0.527212870828,-4.72468816239
0.172,0.522482263645,-4.7364913682
0.173,0.517739957771,-4.74808553399
0.174,0.512986162279,-4.75947059615
0.175,0.508221086299,-4.77064649942
0.176,0.503444939015,-4.78161319688
0.177,0.498657929654,-4.79237064997
0.178,0.493860267474,-4.80291882845
0.179,0.489052161762,-4.81325771039
0.18,0.484233821823,-4.82338728215
0.181,0.47940545697,-4.83330753839
0.182,0.474567276518,-4.84301848202
0.183,0.469719489774,-4.85252012419
0.184,0.46486230603,-4.86181248431
0.185,0.459995934557,-4.87089559
0.186,0.45512058459,-4.87976947706
0.187,0.450236465328,-4.8884341895
0.188,0.445343785919,-4.89688977948
0.189,0.440442755456,-4.90513630733
0.19,0.435533582969,-4.91317384149
0.191,0.430616477413,-4.92100245852
0.192,0.425691647663,-4.92862224309
0.193,0.420759302507,-4.93603328794
0.194,0.415819650634,-4.94323569384
0.195,0.410872900629,-4.95022956965
0.196,0.405919260966,-4.95701503222
0.197,0.400958939994,-4.96359220639
0.198,0.395992145938,-4.969961225
0.199,0.391019086883,-4.97612222885
0.2,0.386039970769,-4.98207536666
0.201,0.381055005386,-4.98782079509
0.202,0.376064398361,-4.99335867869
0.203,0.371068357153,-4.99868918988
0.204,0.366067089046,-5.00381250893
0.205,0.361060801137,-5.00872882397
0.206,0.356049700334,-5.0134383309
0.207,0.351033993343,-5.01794123345
0.208,0.346013886665,-5.02223774307
0.209,0.340989586582,-5.026328079
0.21,0.335961299156,-5.03021246816
0.211,0.330929230217,-5.03389114518
0.212,0.325893585356,-5.03736435237
0.213,0.320854569919,-5.04063233967
0.214,0.315812388997,-5.04369536466
0.215,0.310767247422,-5.04655369252
0.216,0.305719349754,-5.04920759598
0.217,0.300668900278,-5.05165735534
0.218,0.295616102996,-5.05390325842
0.219,0.290561161615,-5.05594560053
0.22,0.285504279547,-5.05778468448
0.221,0.280445659896,-5.05942082049
0.222,0.27538550545,-5.06085432621
0.223,0.270324018679,-5.06208552671
0.224,0.265261401721,-5.0631147544
0.225,0.260197856381,-5.06394234903
0.226,0.255133584119,-5.06456865767
0.227,0.250068786043,-5.06499403469
0.228,0.245003662906,-5.06521884169
0.229,0.239938415094,-5.06524344752
0.23,0.23487324262,-5.06506822821
0.231,0.229808345118,-5.064693567
0.232,0.224743921836,-5.06411985423
0.233,0.219680171628,-5.0633474874
0.234,0.214617292945,-5.06237687105
0.235,0.209555483832,-5.06120841683
0.236,0.204494941918,-5.05984254336
0.237,0.19943586441,-5.05827967631
0.238,0.194378448086,-5.05652024828
0.239,0.189322889287,-5.05456469883
0.24,0.184269383913,-5.05241347443
0.241,0.179218127413,-5.05006702841
0.242,0.174169314777,-5.04752582094
0.243,0.169123140536,-5.04479031904
0.244,0.164079798746,-5.04186099649
0.245,0.15903948299,-5.03873833382
0.246,0.154002386363,-5.03542281828
0.247,0.148968701473,-5.03191494382
0.248,0.143938620428,-5.02821521104
0.249,0.138912334835,-5.02432412717
0.25,0.133890035787,-5.02024220602
0.251,0.128871913862,-5.01596996797
0.252,0.123858159114,-5.01150793992
0.253,0.118848961068,-5.00685665527
0.254,0.113844508709,-5.00201665388
0.255,0.108844990484,-4.99698848202
0.256,0.103850594285,-4.99177269237
0.257,0.098861507452,-4.98636984398
0.258,0.0938779167615,-4.98078050219
0.259,0.0889000084217,-4.97500523865
0.26,0.0839279680657,-4.96904463129
0.261,0.0789619807458,-4.96289926421
0.262,0.0740022309272,-4.95656972775
0.263,0.0690489024815,-4.95005661836
0.264,0.0641021786808,-4.94336053863
0.265,0.0591622421916,-4.93648209723
0.266,0.0542292750688,-4.92942190888
0.267,0.0493034587494,-4.92218059429
0.268,0.0443849740469,-4.91475878016
0.269,0.0394740011449,-4.90715709914
0.27,0.0345707195916,-4.89937618976
0.271,0.0296753082935,-4.89141669643
0.272,0.0247879455101,-4.88327926939
0.273,0.0199088088475,-4.87496456467
0.274,0.0150380752529,-4.86647324405
0.275,0.010175921009,-4.85780597504
0.276,0.00532252172803,-4.84896343083
0.277,0.00047805234627,-4.83994629026
0.278,-0.00435731288169,-4.83075523776
0.279,-0.00918340038846,-4.82139096335
0.28,-0.0140000372994,-4.81185416258
0.281,-0.0188070514384,-4.80214553648
0.282,-0.0236042713327,-4.79226579156
0.283,-0.028391526219,-4.78221563972
0.284,-0.0331686460487,-4.77199579827
0.285,-0.0379354614931,-4.76160698983
0.286,-0.0426918039486,-4.75104994237
0.287,-0.0474375055424,-4.74032538907
0.288,-0.0521723991374,-4.72943406837
0.289,-0.0568963183377,-4.71837672389
0.29,-0.0616090974934,-4.7071541044
0.291,-0.066310571706,-4.69576696377
0.292,-0.0710005768334,-4.68421606094
0.293,-0.075678949495,-4.6725021599
0.294,-0.0803455270766,-4.6606260296
0.295,-0.0850001477356,-4.64858844395
0.296,-0.0896426504056,-4.6363901818
0.297,-0.0942728748015,-4.62403202682
0.298,-0.0988906614243,-4.61151476755
0.299,-0.103495851566,-4.5988391973
0.3,-0.108088287314,-4.58600611413
0.301,-0.112667811558,-4.57301632084
0.302,-0.117234267988,-4.55987062485
0.303,-0.12178750111,-4.54656983825
0.304,-0.12632735624,-4.5331147777
0.305,-0.130853679515,-4.51950626439
0.306,-0.135366317893,-4.50574512406
0.307,-0.139865119164,-4.49183218687
0.308,-0.144349931946,-4.47776828743
0.309,-0.148820605697,-4.46355426472
0.31,-0.153276990715,-4.44919096207
0.311,-0.157718938144,-4.43467922711
0.312,-0.162146299976,-4.42001991171
0.313,-0.166558929059,-4.40521387199
0.314,-0.170956679098,-4.39026196821
0.315,-0.175339404662,-4.37516506477
0.316,-0.179706961184,-4.35992403019
0.317,-0.18405920497,-4.34453973701
0.318,-0.188395993197,-4.32901306178
0.319,-0.192717183926,-4.31334488503
0.32,-0.197022636095,-4.29753609119
0.321,-0.201312209532,-4.28158756859
0.322,-0.205585764953,-4.2655002094
0.323,-0.20984316397,-4.24927490956
0.324,-0.214084269092,-4.2329125688
0.325,-0.218308943729,-4.21641409053
0.326,-0.222517052196,-4.19978038184
0.327,-0.226708459719,-4.18301235345
0.328,-0.230883032434,-4.16611091965
0.329,-0.235040637396,-4.14907699828
0.33,-0.239181142575,-4.13191151068
0.331,-0.24330441687,-4.11461538164
0.332,-0.247410330101,-4.09718953935
0.333,-0.251498753021,-4.07963491539
0.334,-0.255569557316,-4.06195244464
0.335,-0.259622615608,-4.04414306529
0.336,-0.263657801457,-4.02620771873
0.337,-0.267674989371,-4.00814734959
0.338,-0.271674054798,-3.98996290563
0.339,-0.275654874141,-3.97165533771
0.34,-0.27961732475,-3.95322559977
0.341,-0.283561284936,-3.93467464876
0.342,-0.287486633963,-3.91600344463
0.343,-0.291393252061,-3.89721295024
0.344,-0.295281020422,-3.87830413135
0.345,-0.299149821205,-3.85927795659
0.346,-0.30299953754,-3.84013539735
0.347,-0.30683005353,-3.82087742783
0.348,-0.310641254252,-3.80150502491
0.349,-0.314433025762,-3.78201916816
0.35,-0.318205255097,-3.76242083978
0.351,-0.321957830279,-3.74271102456
0.352,-0.325690640313,-3.72289070981
0.353,-0.329403575195,-3.70296088537
0.354,-0.333096525911,-3.68292254352
0.355,-0.336769384441,-3.66277667894
0.356,-0.340422043761,-3.6425242887
0.357,-0.344054397843,-3.62216637219
0.358,-0.347666341663,-3.60170393106
0.359,-0.351257771198,-3.58113796921
0.36,-0.35482858343,-3.56046949274
0.361,-0.358378676348,-3.5396995099
0.362,-0.361907948951,-3.51882903101
0.363,-0.365416301249,-3.4978590685
0.364,-0.368903634265,-3.47679063678
0.365,-0.372369850038,-3.45562475226
0.366,-0.375814851625,-3.43436243325
0.367,-0.3792385431,-3.41300469998
0.368,-0.382640829561,-3.3915525745
0.369,-0.386021617126,-3.37000708066
0.37,-0.389380812941,-3.34836924406
0.371,-0.392718325176,-3.32664009203
0.372,-0.39603406303,-3.30482065356
0.373,-0.399327936731,-3.28291195924
0.374,-0.40259985754,-3.26091504127
0.375,-0.40584973775,-3.23883093338
0.376,-0.409077490689,-3.21666067077
0.377,-0.412283030719,-3.19440529011
0.378,-0.415466273242,-3.17206582947
0.379,-0.418627134698,-3.14964332829
0.38,-0.421765532565,-3.12713882731
0.381,-0.424881385366,-3.10455336855
0.382,-0.427974612664,-3.08188799527
0.383,-0.431045135067,-3.0591437519
0.384,-0.434092874227,-3.03632168404
0.385,-0.437117752842,-3.01342283837
0.386,-0.44011969466,-2.99044826262
0.387,-0.443098624474,-2.96739900556
0.388,-0.446054468127,-2.94427611691
0.389,-0.448987152514,-2.92108064733
0.39,-0.451896605579,-2.89781364836
0.391,-0.454782756318,-2.87447617236
0.392,-0.457645534782,-2.85106927253
0.393,-0.460484872073,-2.82759400278
0.394,-0.463300700349,-2.80405141777
0.395,-0.466092952822,-2.78044257281
0.396,-0.46886156376,-2.75676852383
0.397,-0.471606468487,-2.73303032736
0.398,-0.474327603385,-2.70922904046
0.399,-0.477024905891,-2.68536572069
0.4,-0.479698314501,-2.66144142606
0.401,-0.482347768771,-2.63745721499
0.402,-0.484973209312,-2.6134141463
0.403,-0.487574577797,-2.5893132791
0.404,-0.490151816957,-2.5651556728
0.405,-0.492704870583,-2.54094238705
0.406,-0.495233683525,-2.51667448172
0.407,-0.497738201693,-2.4923530168
0.408,-0.500218372058,-2.46797905243
0.409,-0.502674142651,-2.4435536488
0.41,-0.505105462563,-2.41907786617
0.411,-0.507512281944,-2.39455276473
0.412,-0.509894552006,-2.36997940468
0.413,-0.512252225021,-2.34535884609
0.414,-0.514585254319,-2.32069214891
0.415,-0.516893594292,-2.2959803729
0.416,-0.519177200392,-2.27122457762
0.417,-0.521436029127,-2.24642582236
0.418,-0.523670038069,-2.22158516611
0.419,-0.525879185846,-2.19670366752
0.42,-0.528063432143,-2.17178238486
0.421,-0.530222737707,-2.14682237597
0.422,-0.532357064339,-2.12182469823
0.423,-0.534466374899,-2.09679040851
0.424,-0.536550633304,-2.07172056314
0.425,-0.538609804525,-2.04661621786
0.426,-0.540643854591,-2.02147842779
0.427,-0.542652750584,-1.99630824736
0.428,-0.544636460641,-1.97110673032
0.429,-0.54659495395,-1.94587492965
0.43,-0.548528200756,-1.92061389755
0.431,-0.550436172352,-1.8953246854
0.432,-0.552318841084,-1.87000834369
0.433,-0.554176180346,-1.84466592202
0.434,-0.556008164584,-1.81929846904
0.435,-0.55781476929,-1.7939070324
0.436,-0.559595971003,-1.76849265874
0.437,-0.56135174731,-1.74305639362
0.438,-0.563082076841,-1.71759928151
0.439,-0.564786939272,-1.69212236571
0.44,-0.566466315319,-1.66662668836
0.441,-0.568120186742,-1.64111329037
0.442,-0.56974853634,-1.61558321139
0.443,-0.57135134795,-1.59003748975
0.444,-0.572928606451,-1.56447716249
0.445,-0.574480297752,-1.53890326521
0.446,-0.576006408802,-1.51331683216
0.447,-0.577506927582,-1.48771889607
0.448,-0.578981843104,-1.46211048824
0.449,-0.580431145411,-1.43649263841
0.45,-0.581854825576,-1.41086637474
0.451,-0.583252875698,-1.38523272382
0.452,-0.584625288903,-1.35959271058
0.453,-0.58597205934,-1.33394735826
0.454,-0.587293182181,-1.30829768841
0.455,-0.588588653618,-1.2826447208
0.456,-0.589858470862,-1.25698947343
0.457,-0.591102632143,-1.23133296246
0.458,-0.592321136704,-1.20567620219
0.459,-0.593513984802,-1.18002020503
0.46,-0.594681177705,-1.15436598143
0.461,-0.595822717692,-1.12871453989
0.462,-0.596938608048,-1.10306688688
0.463,-0.598028853064,-1.07742402686
0.464,-0.599093458034,-1.05178696216
0.465,-0.600132429253,-1.02615669304
0.466,-0.601145774018,-1.00053421758
0.467,-0.602133500618,-0.974920531688
0.468,-0.603095618342,-0.949316629037
0.469,-0.604032137468,-0.923723501053
0.47,-0.604943069266,-0.898142136866
0.471,-0.605828425992,-0.872573523279
0.472,-0.606688220891,-0.847018644736
0.473,-0.607522468187,-0.821478483284
0.474,-0.60833118309,-0.79595401854
0.475,-0.609114381782,-0.770446227656
0.476,-0.609872081428,-0.74495608529
0.477,-0.61060430016,-0.719484563563
0.478,-0.611311057085,-0.694032632037
0.479,-0.611992372277,-0.66860125767
0.48,-0.612648266774,-0.643191404792
0.481,-0.613278762581,-0.617804035067
0.482,-0.613883882658,-0.59244010746
0.483,-0.614463650928,-0.567100578207
0.484,-0.615018092266,-0.54178640078
0.485,-0.615547232498,-0.516498525857
0.486,-0.616051098401,-0.491237901287
0.487,-0.616529717699,-0.46600547206
0.488,-0.616983119058,-0.440802180273
0.489,-0.617411332085,-0.415628965101
0.49,-0.617814387325,-0.390486762763
0.491,-0.618192316259,-0.365376506494
0.492,-0.618545151297,-0.340299126509
0.493,-0.61887292578,-0.315255549976
0.494,-0.619175673973,-0.290246700983
0.495,-0.619453431065,-0.265273500509
0.496,-0.619706233163,-0.240336866391
0.497,-0.619934117291,-0.215437713297
0.498,-0.620137121387,-0.190576952693
0.499,-0.620315284297,-0.165755492816
0.5,-0.620468645775,-0.14097423864
0.501,-0.620597246477,-0.116234091851
0.502,-0.620701127961,-0.0915359508155
0.503,-0.620780332679,-0.0668807105507
0.504,-0.620834903979,-0.0422692626966
0.505,-0.620864886098,-0.0177024954869
0.506,-0.620870324159,0.00681870627961
0.507,-0.620851264168,0.0312934612677
0.508,-0.620807753011,0.0557208916337
0.509,-0.620739838451,0.0801001230536
0.51,-0.620647569122,0.104430284751
0.511,-0.620530994527,0.128710509524
0.512,-0.620390165036,0.152939933775
0.513,-0.62022513188,0.177117697534
0.514,-0.620035947147,0.20124294449
0.515,-0.619822663781,0.225314822016
0.516,-0.619585335576,0.249332481194
0.517,-0.619324017173,0.273295076844
0.518,-0.619038764057,0.297201767549
0.519,-0.618729632552,0.321051715683
0.52,-0.618396679818,0.344844087432
0.521,-0.618039963846,0.368578052828
0.522,-0.617659543457,0.392252785765
0.523,-0.617255478293,0.415867464032
0.524,-0.61682782882,0.439421269332
0.525,-0.616376656317,0.462913387314
0.526,-0.615902022878,0.48634300759
0.527,-0.615403991403,0.509709323764
0.528,-0.614882625599,0.533011533456
0.529,-0.614337989971,0.556248838326
0.53,-0.613770149822,0.579420444096
0.531,-0.613179171246,0.602525560576
0.532,-0.612565121126,0.625563401684
0.533,-0.611928067129,0.648533185477
0.534,-0.611268077701,0.671434134163
0.535,-0.610585222064,0.694265474133
0.536,-0.609879570212,0.717026435979
0.537,-0.609151192906,0.73971625452
0.538,-0.608400161671,0.762334168818
0.539,-0.607626548789,0.784879422207
0.54,-0.606830427298,0.807351262312
0.541,-0.606011870985,0.829748941068
0.542,-0.605170954384,0.852071714745
0.543,-0.60430775277,0.874318843968
0.544,-0.603422342156,0.896489593738
0.545,-0.602514799286,0.918583233453
0.546,-0.601585201635,0.940599036927
0.547,-0.600633627399,0.962536282412
0.548,-0.599660155495,0.984394252618
0.549,-0.598664865556,1.00617223473
0.55,-0.597647837925,1.02786952044
0.551,-0.596609153649,1.04948540594
0.552,-0.595548894479,1.07101919197
0.553,-0.594467142863,1.09247018382
0.554,-0.59336398194,1.11383769136
0.555,-0.592239495537,1.13512102904
0.556,-0.591093768166,1.15631951594
0.557,-0.589926885014,1.17743247575
0.558,-0.588738931947,1.19845923682
0.559,-0.587529995496,1.21939913215
0.56,-0.586300162859,1.24025149944
0.561,-0.585049521893,1.26101568107
0.562,-0.58377816111,1.28169102416
0.563,-0.582486169673,1.30227688055
0.564,-0.581173637392,1.32277260682
0.565,-0.579840654716,1.34317756433
0.566,-0.578487312731,1.36349111923
0.567,-0.577113703155,1.38371264245
0.568,-0.575719918332,1.40384150974
0.569,-0.574306051227,1.42387710169
0.57,-0.572872195425,1.44381880373
0.571,-0.57141844512,1.46366600614
0.572,-0.569944895115,1.48341810409
0.573,-0.568451640813,1.50307449764
0.574,-0.566938778219,1.52263459173
0.575,-0.565406403927,1.54209779626
0.576,-0.563854615118,1.56146352602
0.577,-0.56228350956,1.58073120079
0.578,-0.560693185594,1.59990024526
0.579,-0.559083742136,1.61897008914
0.58,-0.557455278671,1.6379401671
0.581,-0.555807895244,1.65680991882
0.582,-0.554141692461,1.67557878898
0.583,-0.552456771477,1.69424622731
0.584,-0.550753233998,1.71281168854
0.585,-0.549031182273,1.73127463248
0.586,-0.547290719084,1.74963452399
0.587,-0.545531947752,1.76789083299
0.588,-0.543754972121,1.78604303452
0.589,-0.541959896559,1.80409060866
0.59,-0.540146825951,1.82203304065
0.591,-0.538315865695,1.83986982081
0.592,-0.536467121695,1.85760044461
0.593,-0.534600700358,1.87522441263
0.594,-0.532716708587,1.89274123063
0.595,-0.530815253777,1.9101504095
0.596,-0.528896443809,1.92745146531
0.597,-0.526960387047,1.9446439193
0.598,-0.525007192329,1.9617272979
0.599,-0.523036968966,1.97870113272
0.6,-0.521049826733,1.99556496061
0.601,-0.519045875866,2.01231832358
0.602,-0.517025227058,2.02896076889
0.603,-0.51498799145,2.04549184903
0.604,-0.512934280629,2.06191112172
0.605,-0.510864206622,2.0782181499
0.606,-0.508777881889,2.09441250179
0.607,-0.506675419319,2.11049375086
0.608,-0.504556932228,2.12646147584
0.609,-0.502422534348,2.14231526072
0.61,-0.500272339824,2.1580546948
0.611,-0.498106463211,2.17367937262
0.612,-0.495925019464,2.18918889405
0.613,-0.49372812394,2.20458286423
0.614,-0.491515892383,2.21986089361
0.615,-0.489288440928,2.23502259794
0.616,-0.487045886089,2.25006759829
0.617,-0.484788344757,2.26499552105
0.618,-0.482515934195,2.27980599792
0.619,-0.480228772031,2.29449866592
0.62,-0.477926976252,2.30907316743
0.621,-0.475610665203,2.32352915012
0.622,-0.473279957574,2.33786626705
0.623,-0.470934972404,2.35208417657
0.624,-0.468575829069,2.36618254241
0.625,-0.466202647278,2.38016103364
0.626,-0.463815547069,2.39401932467
0.627,-0.461414648802,2.40775709528
0.628,-0.459000073157,2.42137403059
0.629,-0.456571941123,2.4348698211
0.63,-0.454130373998,2.44824416264
0.631,-0.45167549338,2.46149675645
0.632,-0.449207421165,2.47462730908
0.633,-0.446726279539,2.48763553248
0.634,-0.444232190971,2.50052114396
0.635,-0.441725278214,2.5132838662
0.636,-0.439205664293,2.52592342725
0.637,-0.436673472502,2.53843956052
0.638,-0.434128826401,2.55083200479
0.639,-0.431571849808,2.56310050423
0.64,-0.429002666792,2.57524480836
0.641,-0.426421401671,2.58726467209
0.642,-0.423828179008,2.59915985567
0.643,-0.421223123598,2.61093012474
0.644,-0.418606360473,2.62257525031
0.645,-0.415978014887,2.63409500874
0.646,-0.413338212317,2.64548918178
0.647,-0.410687078456,2.65675755653
0.648,-0.408024739206,2.66789992545
0.649,-0.405351320675,2.67891608636
0.65,-0.402666949169,2.68980584245
0.651,-0.399971751189,2.70056900225
0.652,-0.397265853425,2.71120537966
0.653,-0.394549382751,2.72171479393
0.654,-0.391822466217,2.73209706964
0.655,-0.389085231048,2.74235203673
0.656,-0.386337804635,2.75247953048
0.657,-0.383580314531,2.7624793915
0.658,-0.380812888447,2.77235146575
0.659,-0.378035654245,2.7820956045
0.66,-0.375248739932,2.79171166435
0.661,-0.372452273655,2.80119950725
0.662,-0.3696463837,2.81055900043
0.663,-0.36683119848,2.81979001645
0.664,-0.364006846534,2.82889243317
0.665,-0.36117345652,2.83786613376
0.666,-0.358331157209,2.84671100668
0.667,-0.355480077484,2.85542694569
0.668,-0.35262034633,2.86401384983
0.669,-0.349752092828,2.87247162341
0.67,-0.346875446157,2.88080017603
0.671,-0.343990535578,2.88899942255
0.672,-0.34109749044,2.89706928308
0.673,-0.338196440166,2.905009683
0.674,-0.335287514251,2.91282055292
0.675,-0.332370842258,2.92050182872
0.676,-0.329446553812,2.92805345147
0.677,-0.326514778591,2.9354753675
0.678,-0.323575646328,2.94276752833
0.679,-0.320629286801,2.94992989071
0.68,-0.317675829826,2.95696241659
0.681,-0.314715405258,2.96386507308
0.682,-0.311748142979,2.97063783252
0.683,-0.308774172899,2.9772806724
0.684,-0.305793624947,2.98379357539
0.685,-0.302806629065,2.99017652928
0.686,-0.299813315207,2.99642952707
0.687,-0.29681381333,3.00255256684
0.688,-0.293808253392,3.00854565184
0.689,-0.290796765342,3.01440879043
0.69,-0.287779479122,3.02014199605
0.691,-0.284756524655,3.02574528728
0.692,-0.281728031844,3.03121868777
0.693,-0.278694130567,3.03656222626
0.694,-0.275654950668,3.04177593653
0.695,-0.272610621957,3.04685985744
0.696,-0.269561274202,3.0518140329
0.697,-0.266507037124,3.05663851184
0.698,-0.263448040392,3.06133334822
0.699,-0.260384413622,3.06589860102
0.7,-0.257316286364,3.07033433419
0.701,-0.254243788104,3.07464061671
0.702,-0.251167048256,3.0788175225
0.703,-0.248086196158,3.08286513046
0.704,-0.245001361067,3.08678352444
0.705,-0.241912672151,3.09057279323
0.706,-0.238820258491,3.09423303055
0.707,-0.235724249068,3.09776433501
0.708,-0.232624772764,3.10116681015
0.709,-0.229521958355,3.10444056437
0.71,-0.226415934505,3.10758571096
0.711,-0.223306829763,3.11060236806
0.712,-0.220194772557,3.11349065866
0.713,-0.217079891192,3.11625071059
0.714,-0.213962313838,3.11888265647
0.715,-0.210842168535,3.12138663374
0.716,-0.20771958318,3.12376278465
0.717,-0.204594685526,3.12601125618
0.718,-0.201467603177,3.1281322001
0.719,-0.198338463583,3.13012577291
0.72,-0.195207394034,3.13199213586
0.721,-0.192074521659,3.13373145487
0.722,-0.188939973416,3.13534390061
0.723,-0.185803876091,3.1368296484
0.724,-0.182666356292,3.13818887824
0.725,-0.179527540445,3.13942177477
0.726,-0.17638755479,3.14052852727
0.727,-0.173246525374,3.14150932965
0.728,-0.170104578049,3.1423643804
0.729,-0.166961838463,3.14309388262
0.73,-0.163818432064,3.14369804396
0.731,-0.160674484085,3.14417707664
0.732,-0.157530119548,3.1445311974
0.733,-0.154385463254,3.14476062751
0.734,-0.151240639781,3.14486559273
0.735,-0.14809577348,3.14484632331
0.736,-0.144950988468,3.14470305396
0.737,-0.141806408626,3.14443602386
0.738,-0.138662157593,3.1440454766
0.739,-0.135518358763,3.14353166019
0.74,-0.132375135278,3.14289482702
0.741,-0.129232610029,3.14213523389
0.742,-0.126090905643,3.14125314193
0.743,-0.122950144489,3.14024881661
0.744,-0.119810448665,3.13912252774
0.745,-0.116671939997,3.13787454942
0.746,-0.113534740037,3.13650516003
0.747,-0.110398970053,3.13501464222
0.748,-0.107264751033,3.13340328289
0.749,-0.104132203671,3.13167137315
0.75,-0.101001448372,3.12981920834
0.751,-0.0978726052397,3.12784708796
0.752,-0.0947457940797,3.1257553157
0.753,-0.0916211343898,3.12354419939
0.754,-0.0884987453584,3.12121405097
0.755,-0.08537874586,3.11876518652
0.756,-0.0822612544508,3.11619792618
0.757,-0.079146389365,3.11351259417
0.758,-0.0760342685104,3.11070951874
0.759,-0.0729250094646,3.1077890322
0.76,-0.069818729471,3.10475147083
0.761,-0.0667155454346,3.10159717491
0.762,-0.0636155739181,3.09832648868
0.763,-0.060518931138,3.09493976033
0.764,-0.0574257329609,3.09143734196
0.765,-0.0543360948989,3.08781958957
0.766,-0.0512501321065,3.08408686305
0.767,-0.0481679593764,3.08023952614
0.768,-0.0450896911353,3.0762779464
0.769,-0.0420154414408,3.07220249524
0.77,-0.038945323977,3.06801354783
0.771,-0.035879452051,3.06371148313
0.772,-0.0328179385891,3.05929668382
0.773,-0.0297608961329,3.05476953634
0.774,-0.0267084368358,3.05013043081
0.775,-0.0236606724594,3.04537976104
0.776,-0.0206177143695,3.0405179245
0.777,-0.0175796735324,3.03554532229
0.778,-0.014546660512,3.03046235913
0.779,-0.0115187854652,3.02526944333
0.78,-0.008496158139,3.01996698675
0.781,-0.00547888786686,3.01455540483
0.782,-0.00246708356491,3.00903511649
0.783,0.000539146271371,3.00340654419
0.784,0.00353969357069,2.99767011384
0.785,0.00653445068939,2.9918262548
0.786,0.00952331041489,2.98587539987
0.787,0.0125061659691,2.97981798525
0.788,0.0154829110119,2.97365445052
0.789,0.0184534396444,2.96738523863
0.79,0.0214176464121,2.96101079584
0.791,0.0243754263088,2.95453157174
0.792,0.0273266747794,2.94794801921
0.793,0.0302712877231,2.94126059436
0.794,0.033209161497,2.93446975658
0.795,0.0361401929193,2.92757596844
0.796,0.0390642792723,2.92057969572
0.797,0.0419813183055,2.91348140736
0.798,0.0448912082391,2.90628157543
0.799,0.0477938477668,2.89898067513
0.8,0.0506891360592,2.89157918474
0.801,0.0535769727666,2.88407758562
0.802,0.0564572580222,2.87647636215
0.803,0.0593298924452,2.86877600176
0.804,0.0621947771435,2.86097699484
0.805,0.0650518137171,2.85307983477
0.806,0.0679009042607,2.84508501785
0.807,0.0707419513668,2.83699304333
0.808,0.0735748581288,2.82880441331
0.809,0.0763995281432,2.82051963279
0.81,0.0792158655134,2.81213920959
0.811,0.0820237748516,2.80366365437
0.812,0.0848231612825,2.79509348056
0.813,0.0876139304452,2.78642920436
0.814,0.0903959884967,2.7776713447
0.815,0.093169242114,2.76882042326
0.816,0.0959335984973,2.75987696435
0.817,0.0986889653724,2.750841495
0.818,0.101435250994,2.74171454484
0.819,0.104172364146,2.73249664613
0.82,0.106900214148,2.72318833369
0.821,0.109618710854,2.71379014494
0.822,0.112327764659,2.70430261978
0.823,0.115027286496,2.69472630067
0.824,0.117717187844,2.68506173251
0.825,0.120397380727,2.67530946267
0.826,0.123067777718,2.66547004096
0.827,0.125728291942,2.65554401958
0.828,0.128378837076,2.64553195309
0.829,0.131019327352,2.63543439843
0.83,0.133649677563,2.62525191484
0.831,0.136269803059,2.61498506386
0.832,0.138879619756,2.60463440933
0.833,0.141479044132,2.59420051728
0.834,0.144067993234,2.583683956
0.835,0.146646384678,2.57308529596
0.836,0.149214136651,2.56240510977
0.837,0.151771167914,2.55164397222
0.838,0.154317397804,2.54080246017
0.839,0.156852746235,2.52988115259
0.84,0.159377133704,2.5188806305
0.841,0.161890481286,2.50780147693
0.842,0.164392710642,2.49664427696
0.843,0.16688374402,2.48540961759
0.844,0.169363504254,2.47409808781
0.845,0.171831914769,2.46271027853
0.846,0.174288899582,2.45124678252
0.847,0.176734383303,2.43970819447
0.848,0.179168291139,2.42809511088
0.849,0.181590548893,2.41640813006
0.85,0.184001082967,2.40464785213
0.851,0.186399820365,2.39281487896
0.852,0.188786688694,2.38090981414
0.853,0.191161616165,2.368933263
0.854,0.193524531594,2.35688583252
0.855,0.195875364406,2.34476813135
0.856,0.198214044636,2.33258076974
0.857,0.200540502929,2.32032435958
0.858,0.202854670543,2.30799951429
0.859,0.205156479351,2.29560684885
0.86,0.20744586184,2.28314697977
0.861,0.209722751115,2.27062052503
0.862,0.211987080901,2.25802810408
0.863,0.214238785542,2.24537033781
0.864,0.216477800002,2.23264784851
0.865,0.218704059872,2.21986125985
0.866,0.220917501364,2.20701119687
0.867,0.223118061317,2.19409828591
0.868,0.225305677196,2.18112315464
0.869,0.227480287095,2.16808643196
0.87,0.229641829739,2.15498874807
0.871,0.231790244481,2.14183073434
0.872,0.233925471309,2.12861302335
0.873,0.23604745084,2.11533624884
0.874,0.23815612433,2.1020010457
0.875,0.240251433667,2.08860804991
0.876,0.242333321378,2.07515789853
0.877,0.244401730625,2.06165122969
0.878,0.246456605211,2.04808868255
0.879,0.248497889578,2.03447089725
0.88,0.250525528807,2.02079851491
0.881,0.252539468623,2.00707217761
0.882,0.254539655391,1.99329252833
0.883,0.256526036123,1.97946021096
0.884,0.258498558472,1.96557587024
0.885,0.260457170738,1.95164015175
0.886,0.262401821865,1.93765370189
0.887,0.264332461447,1.92361716784
0.888,0.266249039722,1.90953119752
0.889,0.268151507579,1.89539643961
0.89,0.270039816555,1.88121354346
0.891,0.271913918837,1.86698315913
0.892,0.273773767261,1.85270593729
0.893,0.275619315316,1.83838252927
0.894,0.277450517141,1.82401358697
0.895,0.279267327529,1.80959976287
0.896,0.281069701924,1.79514170999
0.897,0.282857596424,1.78064008185
0.898,0.284630967781,1.76609553249
0.899,0.2863897734,1.75150871637
0.9,0.288133971343,1.73688028842
0.901,0.289863520325,1.72221090396
0.902,0.291578379717,1.70750121869
0.903,0.293278509547,1.69275188868
0.904,0.294963870498,1.67796357032
0.905,0.296634423911,1.66313692028
0.906,0.298290131781,1.64827259554
0.907,0.299930956763,1.63337125332
0.908,0.301556862167,1.61843355104
0.909,0.303167811964,1.60346014634
0.91,0.304763770778,1.58845169703
0.911,0.306344703896,1.57340886103
0.912,0.307910577258,1.55833229643
0.913,0.309461357465,1.54322266137
0.914,0.310997011776,1.52808061407
0.915,0.312517508108,1.51290681279
0.916,0.314022815037,1.49770191579
0.917,0.315512901794,1.48246658134
0.918,0.316987738273,1.46720146765
0.919,0.318447295023,1.45190723288
0.92,0.319891543251,1.43658453508
0.921,0.321320454824,1.4212340322
0.922,0.322734002266,1.40585638204
0.923,0.324132158759,1.39045224225
0.924,0.32551489814,1.37502227025
0.925,0.326882194907,1.35956712328
0.926,0.328234024214,1.3440874583
0.927,0.32957036187,1.32858393203
0.928,0.330891184343,1.31305720088
0.929,0.332196468756,1.29750792093
0.93,0.333486192887,1.28193674794
0.931,0.334760335172,1.26634433726
0.932,0.336018874701,1.25073134389
0.933,0.337261791217,1.23509842238
0.934,0.338489065121,1.21944622683
0.935,0.339700677464,1.20377541087
0.936,0.340896609954,1.18808662766
0.937,0.342076844948,1.1723805298
0.938,0.343241365459,1.15665776938
0.939,0.34439015515,1.14091899788
0.94,0.345523198335,1.12516486623
0.941,0.346640479979,1.10939602469
0.942,0.347741985698,1.09361312293
0.943,0.348827701755,1.0778168099
0.944,0.349897615063,1.06200773389
0.945,0.350951713184,1.04618654247
0.946,0.351989984325,1.03035388244
0.947,0.353012417341,1.01451039988
0.948,0.354019001732,0.998656740033
0.949,0.355009727644,0.982793547362
0.95,0.355984585864,0.96692146548
0.951,0.356943567826,0.951041137138
0.952,0.357886665604,0.935153204203
0.953,0.358813871913,0.919258307634
0.954,0.359725180111,0.903357087457
0.955,0.360620584193,0.887450182742
0.956,0.361500078794,0.87153823158
0.957,0.362363659187,0.85562187106
0.958,0.363211321279,0.839701737243
0.959,0.364043061615,0.823778465143
0.96,0.364858877374,0.807852688702
0.961,0.365658766369,0.791925040766
0.962,0.366442727043,0.775996153063
0.963,0.367210758472,0.760066656181
0.964,0.367962860362,0.744137179544
0.965,0.368699033047,0.72820835139
0.966,0.36941927749,0.712280798748
0.967,0.370123595278,0.696355147417
0.968,0.370811988627,0.680432021941
0.969,0.371484460372,0.66451204559
0.97,0.372141013975,0.648595840334
0.971,0.372781653517,0.632684026824
0.972,0.373406383699,0.61677722437
0.973,0.374015209842,0.600876050917
0.974,0.374608137883,0.584981123023
0.975,0.375185174375,0.569093055842
0.976,0.375746326486,0.553212463096
0.977,0.376291601996,0.537339957057
0.978,0.376821009299,0.521476148526
0.979,0.377334557396,0.505621646809
0.98,0.377832255898,0.489777059701
0.981,0.378314115022,0.473942993457
0.982,0.378780145593,0.458120052778
0.983,0.379230359037,0.442308840786
0.984,0.379664767385,0.426509959007
0.985,0.380083383265,0.410724007346
0.986,0.380486219909,0.394951584067
0.987,0.380873291142,0.379193285777
0.988,0.381244611387,0.3634497074
0.989,0.381600195661,0.347721442161
0.99,0.381940059573,0.332009081561
0.991,0.382264219323,0.316313215363
0.992,0.382572691698,0.300634431566
0.993,0.382865494075,0.284973316391
0.994,0.383142644415,0.269330454255
0.995,0.383404161262,0.253706427757
0.996,0.383650063743,0.238101817654
0.997,0.383880371563,0.222517202846
0.998,0.384095105006,0.20695316035
0.999,0.384294284933,0.191410265291
1,0.384477932777,0.175889090871
1.001,0.384646070545,0.160390208359
1.002,0.384798720814,0.144914187068
1.003,0.384935906729,0.129461594339
1.004,0.385057652001,0.114032995518
1.005,0.385163980906,0.0986289539408
1.006,0.385254918282,0.0832500309149
1.007,0.385330489527,0.0678967856989
1.008,0.385390720598,0.0525697754858
1.009,0.385435638008,0.0372695553846
1.01,0.385465268823,0.0219966784022
1.011,0.385479640663,0.00675169542572
1.012,0.385478781695,-0.00846484479529
1.013,0.385462720636,-0.0236523956665
1.014,0.385431486748,-0.0388104127664
1.015,0.385385109836,-0.0539383538634
1.016,0.385323620246,-0.0690356789334
1.017,0.385247048863,-0.0841018501767
1.018,0.385155427109,-0.0991363320352
1.019,0.38504878694,-0.114138591209
1.02,0.384927160844,-0.129108096674
1.021,0.384790581841,-0.144044319697
1.022,0.384639083475,-0.158946733853
1.023,0.384472699817,-0.173814815045
1.024,0.384291465463,-0.188648041512
1.025,0.384095415526,-0.203445893854
1.026,0.383884585639,-0.218207855044
1.027,0.383659011951,-0.232933410442
1.028,0.383418731124,-0.247622047815
1.029,0.383163780332,-0.262273257351
1.03,0.382894197255,-0.276886531672
1.031,0.382610020082,-0.291461365855
1.032,0.382311287504,-0.305997257441
1.033,0.381998038714,-0.320493706454
1.034,0.381670313404,-0.334950215416
1.035,0.381328151762,-0.349366289361
1.036,0.380971594468,-0.36374143585
1.037,0.380600682696,-0.378075164983
1.038,0.380215458107,-0.392366989421
1.039,0.379815962847,-0.40661642439
1.04,0.379402239548,-0.420822987706
1.041,0.378974331322,-0.43498619978
1.042,0.378532281758,-0.449105583638
1.043,0.378076134923,-0.463180664932
1.044,0.377605935353,-0.477210971956
1.045,0.37712172806,-0.491196035656
1.046,0.376623558519,-0.505135389648
1.047,0.376111472672,-0.519028570227
1.048,0.375585516923,-0.532875116384
1.049,0.375045738137,-0.546674569817
1.05,0.374492183633,-0.560426474945
1.051,0.373924901187,-0.574130378918
1.052,0.373343939026,-0.587785831636
1.053,0.372749345823,-0.601392385754
1.054,0.372141170702,-0.614949596699
1.055,0.371519463225,-0.628457022683
1.056,0.370884273398,-0.641914224711
1.057,0.370235651663,-0.655320766597
1.058,0.369573648896,-0.668676214976
1.059,0.368898316407,-0.68198013931
1.06,0.368209705935,-0.695232111909
1.061,0.367507869642,-0.708431707934
1.062,0.366792860118,-0.721578505412
1.063,0.366064730371,-0.73467208525
1.064,0.365323533826,-0.74771203124
1.065,0.364569324324,-0.760697930074
1.066,0.363802156118,-0.773629371355
1.067,0.36302208387,-0.786505947605
1.068,0.362229162646,-0.79932725428
1.069,0.361423447919,-0.812092889776
1.07,0.360604995557,-0.824802455439
1.071,0.35977386183,-0.837455555582
1.072,0.358930103399,-0.850051797485
1.073,0.358073777317,-0.862590791415
1.074,0.357204941027,-0.875072150626
1.075,0.356323652356,-0.887495491378
1.076,0.355429969511,-0.89986043294
1.077,0.354523951082,-0.912166597599
1.078,0.353605656033,-0.924413610677
1.079,0.352675143702,-0.936601100528
1.08,0.351732473796,-0.94872869856
1.081,0.350777706391,-0.960796039232
1.082,0.349810901924,-0.972802760071
1.083,0.348832121197,-0.984748501677
1.084,0.347841425366,-0.996632907731
1.085,0.346838875945,-1.00845562501
1.086,0.345824534796,-1.02021630337
1.087,0.344798464133,-1.0319145958
1.088,0.343760726514,-1.04355015839
1.089,0.34271138484,-1.05512265035
1.09,0.34165050235,-1.06663173402
1.091,0.34057814262,-1.07807707487
1.092,0.339494369558,-1.08945834154
1.093,0.338399247404,-1.1007752058
1.094,0.337292840723,-1.11202734257
1.095,0.336175214402,-1.12321442995
1.096,0.335046433652,-1.13433614921
1.097,0.333906563999,-1.14539218481
1.098,0.332755671281,-1.15638222436
1.099,0.331593821652,-1.1673059587
1.1,0.330421081568,-1.17816308185
1.101,0.329237517793,-1.18895329102
1.102,0.32804319739,-1.19967628665
1.103,0.326838187723,-1.2103317724
1.104,0.325622556447,-1.22091945512
1.105,0.32439637151,-1.23143904492
1.106,0.32315970115,-1.24189025512
1.107,0.321912613888,-1.25227280229
1.108,0.320655178527,-1.26258640623
1.109,0.319387464149,-1.27283078999
1.11,0.318109540111,-1.28300567988
1.111,0.316821476044,-1.29311080546
1.112,0.315523341844,-1.30314589955
1.113,0.314215207677,-1.31311069824
1.114,0.312897143967,-1.32300494088
1.115,0.3115692214,-1.33282837011
1.116,0.310231510916,-1.34258073182
1.117,0.308884083709,-1.35226177522
1.118,0.307527011221,-1.36187125277
1.119,0.30616036514,-1.37140892023
1.12,0.304784217397,-1.38087453667
1.121,0.303398640163,-1.39026786444
1.122,0.302003705843,-1.39958866917
1.123,0.300599487076,-1.40883671983
1.124,0.299186056731,-1.41801178866
1.125,0.297763487901,-1.42711365124
1.126,0.296331853904,-1.43614208644
1.127,0.294891228277,-1.44509687643
1.128,0.293441684771,-1.45397780673
1.129,0.291983297353,-1.46278466614
1.13,0.290516140199,-1.47151724681
1.131,0.289040287688,-1.4801753442
1.132,0.287555814405,-1.48875875707
1.133,0.286062795134,-1.49726728755
1.134,0.284561304856,-1.50570074105
1.135,0.283051418742,-1.51405892635
1.136,0.281533212155,-1.52234165552
1.137,0.280006760644,-1.53054874398
1.138,0.278472139941,-1.53868001048
1.139,0.276929425957,-1.54673527711
1.14,0.275378694779,-1.55471436927
1.141,0.273820022667,-1.56261711572
1.142,0.272253486052,-1.57044334852
1.143,0.270679161529,-1.5781929031
1.144,0.269097125859,-1.5858656182
1.145,0.267507455959,-1.59346133591
1.146,0.265910228905,-1.60097990163
1.147,0.264305521924,-1.60842116413
1.148,0.262693412393,-1.61578497549
1.149,0.261073977838,-1.62307119112
1.15,0.259447295924,-1.63027966977
1.151,0.257813444457,-1.63741027353
1.152,0.25617250138,-1.64446286781
1.153,0.254524544768,-1.65143732135
1.154,0.252869652827,-1.65833350623
1.155,0.251207903887,-1.66515129785
1.156,0.249539376403,-1.67189057493
1.157,0.247864148948,-1.67855121953
1.158,0.246182300213,-1.68513311702
1.159,0.244493909,-1.6916361561
1.16,0.242799054223,-1.6980602288
1.161,0.2410978149,-1.70440523043
1.162,0.239390270153,-1.71067105967
1.163,0.237676499204,-1.71685761846
1.164,0.235956581371,-1.72296481209
1.165,0.234230596065,-1.72899254913
1.166,0.232498622788,-1.73494074149
1.167,0.230760741126,-1.74080930436
1.168,0.229017030749,-1.74659815622
1.169,0.22726757141,-1.75230721887
1.17,0.225512442933,-1.7579364174
1.171,0.22375172522,-1.76348568017
1.172,0.221985498241,-1.76895493887
1.173,0.220213842032,-1.77434412843
1.174,0.218436836694,-1.77965318709
1.175,0.216654562388,-1.78488205634
1.176,0.21486709933,-1.79003068098
1.177,0.213074527792,-1.79509900904
1.178,0.211276928094,-1.80008699184
1.179,0.209474380605,-1.80499458395
1.18,0.207666965737,-1.80982174321
1.181,0.205854763943,-1.81456843068
1.182,0.204037855712,-1.81923461071
1.183,0.202216321568,-1.82382025086
1.184,0.200390242066,-1.82832532193
1.185,0.198559697789,-1.83274979798
1.186,0.196724769343,-1.83709365627
1.187,0.194885537356,-1.84135687729
1.188,0.193042082473,-1.84553944475
1.189,0.191194485355,-1.84964134556
1.19,0.189342826674,-1.85366256987
1.191,0.18748718711,-1.85760311098
1.192,0.185627647348,-1.86146296543
1.193,0.183764288075,-1.86524213293
1.194,0.181897189977,-1.86894061636
1.195,0.180026433735,-1.8725584218
1.196,0.178152100023,-1.87609555849
1.197,0.176274269503,-1.87955203884
1.198,0.174393022825,-1.8829278784
1.199,0.172508440621,-1.8862230959
1.2,0.1706206035,-1.88943771318
1.201,0.168729592053,-1.89257175526
1.202,0.166835486839,-1.89562525025
1.203,0.164938368391,-1.8985982294
1.204,0.163038317208,-1.9014907271
1.205,0.161135413752,-1.9043027808
1.206,0.159229738447,-1.9070344311
1.207,0.157321371676,-1.90968572166
1.208,0.155410393775,-1.91225669926
1.209,0.153496885032,-1.91474741372
1.21,0.151580925684,-1.91715791797
1.211,0.149662595914,-1.91948826798
1.212,0.147741975847,-1.92173852279
1.213,0.145819145546,-1.92390874447
1.214,0.143894185014,-1.92599899816
1.215,0.141967174183,-1.92800935199
1.216,0.14003819292,-1.92993987714
1.217,0.138107321014,-1.93179064781
1.218,0.136174638183,-1.93356174119
1.219,0.134240224064,-1.93525323747
1.22,0.132304158213,-1.93686521984
1.221,0.1303665201,-1.93839777445
1.222,0.12842738911,-1.93985099044
1.223,0.126486844535,-1.9412249599
1.224,0.124544965574,-1.94251977787
1.225,0.122601831331,-1.94373554234
1.226,0.120657520807,-1.94487235423
1.227,0.118712112905,-1.94593031738
1.228,0.11676568642,-1.94690953857
1.229,0.114818320039,-1.94781012744
1.23,0.112870092338,-1.94863219656
1.231,0.110921081781,-1.94937586137
1.232,0.108971366711,-1.95004124019
1.233,0.107021025355,-1.9506284542
1.234,0.105070135816,-1.95113762745
1.235,0.103118776072,-1.9515688868
1.236,0.101167023971,-1.95192236199
1.237,0.0992149572318,-1.95219818555
1.238,0.0972626534387,-1.95239649283
1.239,0.0953101900389,-1.95251742199
1.24,0.0933576443405,-1.95256111398
1.241,0.0914050935089,-1.95252771252
1.242,0.0894526145645,-1.95241736412
1.243,0.0875002843799,-1.95223021802
1.244,0.0855481796771,-1.95196642625
1.245,0.0835963770245,-1.95162614352
1.246,0.0816449528346,-1.95120952733
1.247,0.079693983361,-1.95071673784
1.248,0.0777435446958,-1.95014793794
1.249,0.0757937127668,-1.9495032932
1.25,0.073844563335,-1.94878297189
1.251,0.0718961719917,-1.94798714492
1.252,0.0699486141559,-1.94711598587
1.253,0.068001965072,-1.94616967096
1.254,0.0660562998064,-1.94514837906
1.255,0.0641116932458,-1.94405229164
1.256,0.0621682200937,-1.94288159278
1.257,0.0602259548685,-1.94163646916
1.258,0.0582849719006,-1.94031711005
1.259,0.0563453453297,-1.93892370728
1.26,0.0544071491025,-1.93745645525
1.261,0.05247045697,-1.9359155509
1.262,0.0505353424851,-1.9343011937
1.263,0.0486018789997,-1.93261358566
1.264,0.0466701396626,-1.93085293127
1.265,0.044740197417,-1.92901943754
1.266,0.0428121249976,-1.92711331395
1.267,0.0408859949284,-1.92513477246
1.268,0.0389618795205,-1.92308402748
1.269,0.0370398508691,-1.92096129587
1.27,0.0351199808513,-1.91876679691
1.271,0.0332023411239,-1.91650075231
1.272,0.0312870031206,-1.91416338617
1.273,0.02937403805,-1.911754925
1.274,0.0274635168927,-1.90927559766
1.275,0.0255555103997,-1.90672563542
1.276,0.0236500890891,-1.90410527184
1.277,0.0217473232445,-1.90141474287
1.278,0.0198472829124,-1.89865428676
1.279,0.0179500378999,-1.89582414406
1.28,0.0160556577723,-1.89292455763
1.281,0.0141642118509,-1.88995577262
1.282,0.0122757692109,-1.88691803641
1.283,0.0103903986787,-1.88381159869
1.284,0.00850816883009,-1.88063671133
1.285,0.00662914798789,-1.87739362848
1.286,0.00475340421958,-1.87408260645
1.287,0.00288100533525,-1.8707039038
1.288,0.00101201888536,-1.86725778122
1.289,-0.000853487841439,-1.8637445016
1.29,-0.00271544782044,-1.86016432998
1.291,-0.00457379429306,-1.85651753353
1.292,-0.00642846076894,-1.85280438156
1.293,-0.00827938102809,-1.84902514548
1.294,-0.010126489123,-1.84518009878
1.295,-0.0119697193806,-1.84126951706
1.296,-0.0138090064046,-1.83729367797
1.297,-0.0156442850772,-1.83325286121
1.298,-0.0174754905616,-1.82914734851
1.299,-0.0193025583035,-1.82497742365
1.3,-0.0211254240334,-1.82074337239
1.301,-0.0229440237687,-1.81644548247
1.302,-0.0247582938153,-1.81208404365
1.303,-0.0265681707702,-1.8076593476
1.304,-0.0283735915226,-1.80317168798
1.305,-0.0301744932567,-1.79862136034
1.306,-0.0319708134531,-1.79400866218
1.307,-0.0337624898907,-1.78933389288
1.308,-0.0355494606488,-1.78459735371
1.309,-0.0373316641091,-1.77979934781
1.31,-0.0391090389572,-1.77494018017
1.311,-0.0408815241844,-1.77002015761
1.312,-0.0426490590902,-1.7650395888
1.313,-0.0444115832834,-1.75999878418
1.314,-0.046169036684,-1.75489805601
1.315,-0.0479213595255,-1.74973771832
1.316,-0.049668492356,-1.74451808689
1.317,-0.0514103760405,-1.73923947924
1.318,-0.0531469517622,-1.73390221464
1.319,-0.0548781610244,-1.72850661405
1.32,-0.0566039456524,-1.72305300014
1.321,-0.058324247795,-1.71754169726
1.322,-0.0600390099259,-1.71197303141
1.323,-0.061748174846,-1.70634733026
1.324,-0.0634516856844,-1.7006649231
1.325,-0.0651494859004,-1.69492614083
1.326,-0.0668415192851,-1.68913131596
1.327,-0.0685277299628,-1.68328078259
1.328,-0.0702080623927,-1.67737487638
1.329,-0.0718824613703,-1.67141393453
1.33,-0.0735508720294,-1.66539829581
1.331,-0.075213239843,-1.65932830046
1.332,-0.0768695106253,-1.65320429028
1.333,-0.078519630533,-1.6470266085
1.334,-0.0801635460667,-1.64079559987
1.335,-0.0818012040725,-1.63451161056
1.336,-0.0834325517434,-1.62817498819
1.337,-0.0850575366208,-1.6217860818
1.338,-0.0866761065958,-1.61534524185
1.339,-0.0882882099105,-1.60885282015
1.34,-0.0898937951599,-1.60230916993
1.341,-0.0914928112924,-1.59571464573
1.342,-0.0930852076119,-1.58906960347
1.343,-0.094670933779,-1.58237440036
1.344,-0.0962499398118,-1.57562939493
1.345,-0.097822176088,-1.56883494699
1.346,-0.0993875933453,-1.56199141765
1.347,-0.100946142684,-1.55509916924
1.348,-0.102497775565,-1.54815856535
1.349,-0.104042443817,-1.54116997078
1.35,-0.105580099632,-1.53413375155
1.351,-0.107110695568,-1.52705027486
1.352,-0.108634184552,-1.51991990909
1.353,-0.11015051988,-1.51274302376
1.354,-0.111659655216,-1.50551998954
1.355,-0.1131615446,-1.49825117823
1.356,-0.114656142438,-1.49093696272
1.357,-0.116143403515,-1.483577717
1.358,-0.117623282987,-1.47617381612
1.359,-0.119095736387,-1.46872563619
1.36,-0.120560719625,-1.46123355437
1.361,-0.122018188988,-1.45369794882
1.362,-0.123468101142,-1.44611919873
1.363,-0.124910413131,-1.43849768425
1.364,-0.126345082382,-1.43083378652
1.365,-0.127772066703,-1.42312788763
1.366,-0.129191324285,-1.4153803706
1.367,-0.1306028137,-1.40759161937
1.368,-0.132006493907,-1.3997620188
1.369,-0.13340232425,-1.39189195462
1.37,-0.134790264457,-1.38398181343
1.371,-0.136170274647,-1.3760319827
1.372,-0.137542315322,-1.3680428507
1.373,-0.138906347377,-1.36001480657
1.374,-0.140262332095,-1.3519482402
1.375,-0.141610231147,-1.3438435423
1.376,-0.142950006599,-1.33570110433
1.377,-0.144281620906,-1.32752131851
1.378,-0.145605036918,-1.3193045778
1.379,-0.146920217875,-1.31105127587
1.38,-0.148227127414,-1.30276180708
1.381,-0.149525729565,-1.29443656648
1.382,-0.150815988755,-1.28607594981
1.383,-0.152097869805,-1.27768035344
1.384,-0.153371337934,-1.26925017436
1.385,-0.154636358759,-1.2607858102
1.386,-0.155892898292,-1.25228765917
1.387,-0.157140922948,-1.24375612009
1.388,-0.158380399536,-1.23519159232
1.389,-0.159611295269,-1.22659447578
1.39,-0.160833577758,-1.21796517092
1.391,-0.162047215015,-1.20930407871
1.392,-0.163252175454,-1.2006116006
1.393,-0.164448427889,-1.19188813855
1.394,-0.165635941537,-1.18313409497
1.395,-0.166814686019,-1.17434987272
1.396,-0.167984631357,-1.16553587508
1.397,-0.169145747978,-1.15669250577
1.398,-0.170298006713,-1.14782016888
1.399,-0.171441378795,-1.13891926891
1.4,-0.172575835865,-1.12999021071
1.401,-0.173701349966,-1.12103339947
1.402,-0.174817893548,-1.11204924072
1.403,-0.175925439466,-1.10303814032
1.404,-0.177023960983,-1.0940005044
1.405,-0.178113431766,-1.08493673939
1.406,-0.179193825888,-1.07584725198
1.407,-0.180265117831,-1.0667324491
1.408,-0.181327282483,-1.05759273794
1.409,-0.18238029514,-1.04842852588
1.41,-0.183424131504,-1.0392402205
1.411,-0.184458767686,-1.03002822958
1.412,-0.185484180204,-1.02079296104
1.413,-0.186500345985,-1.01153482298
1.414,-0.187507242363,-1.00225422361
1.415,-0.188504847081,-0.992951571267
1.416,-0.18949313829,-0.983627274389
1.417,-0.190472094551,-0.974281741497
1.418,-0.191441694831,-0.96491538118
1.419,-0.192401918507,-0.95552860208
1.42,-0.193352745365,-0.946121812873
1.421,-0.194294155599,-0.936695422257
1.422,-0.195226129812,-0.927249838932
1.423,-0.196148649016,-0.917785471584
1.424,-0.19706169463,-0.908302728874
1.425,-0.197965248484,-0.898802019415
1.426,-0.198859292816,-0.88928375176
1.427,-0.199743810271,-0.879748334385
1.428,-0.200618783904,-0.870196175674
1.429,-0.201484197178,-0.860627683902
1.43,-0.202340033964,-0.851043267217
1.431,-0.20318627854,-0.841443333631
1.432,-0.204022915595,-0.831828290995
1.433,-0.204849930222,-0.822198546991
1.434,-0.205667307924,-0.812554509112
1.435,-0.206475034611,-0.802896584648
1.436,-0.2072730966,-0.793225180668
1.437,-0.208061480615,-0.783540704007
1.438,-0.208840173786,-0.773843561251
1.439,-0.209609163651,-0.764134158718
1.44,-0.210368438153,-0.754412902445
1.441,-0.21111798564,-0.744680198171
1.442,-0.211857794868,-0.734936451324
1.443,-0.212587854997,-0.725182067004
1.444,-0.213308155591,-0.715417449965
1.445,-0.214018686621,-0.705643004606
1.446,-0.214719438459,-0.69585913495
1.447,-0.215410401884,-0.68606624463
1.448,-0.216091568076,-0.676264736878
1.449,-0.216762928619,-0.666455014504
1.45,-0.217424475501,-0.656637479883
1.451,-0.218076201109,-0.646812534941
1.452,-0.218718098234,-0.636980581141
1.453,-0.219350160069,-0.627142019464
1.454,-0.219972380204,-0.617297250398
1.455,-0.220584752634,-0.607446673922
1.456,-0.221187271749,-0.597590689488
1.457,-0.221779932343,-0.587729696012
1.458,-0.222362729604,-0.577864091857
1.459,-0.222935659122,-0.567994274813
1.46,-0.223498716882,-0.558120642093
1.461,-0.224051899267,-0.548243590308
1.462,-0.224595203055,-0.538363515458
1.463,-0.225128625422,-0.528480812919
1.464,-0.225652163937,-0.518595877423
1.465,-0.226165816564,-0.508709103047
1.466,-0.226669581661,-0.4988208832
1.467,-0.227163457979,-0.488931610607
1.468,-0.227647444662,-0.479041677294
1.469,-0.228121541244,-0.469151474575
1.47,-0.228585747652,-0.459261393037
1.471,-0.229040064201,-0.449371822529
1.472,-0.229484491597,-0.439483152143
1.473,-0.229919030934,-0.429595770205
1.474,-0.230343683696,-0.419710064257
1.475,-0.23075845175,-0.409826421046
1.476,-0.231163337354,-0.39994522651
1.477,-0.231558343148,-0.390066865763
1.478,-0.231943472158,-0.380191723081
1.479,-0.232318727795,-0.370320181891
1.48,-0.23268411385,-0.360452624755
1.481,-0.2330396345,-0.350589433357
1.482,-0.233385294299,-0.340730988492
1.483,-0.233721098185,-0.330877670049
1.484,-0.234047051474,-0.321029856999
1.485,-0.234363159861,-0.311187927383
1.486,-0.234669429416,-0.301352258299
1.487,-0.234965866589,-0.291523225887
1.488,-0.235252478205,-0.281701205316
1.489,-0.235529271462,-0.271886570772
1.49,-0.235796253933,-0.262079695448
1.491,-0.236053433563,-0.252280951524
1.492,-0.23630081867,-0.242490710161
1.493,-0.236538417941,-0.232709341486
1.494,-0.236766240434,-0.222937214577
1.495,-0.236984295574,-0.213174697454
1.496,-0.237192593154,-0.203422157065
1.497,-0.237391143335,-0.193679959271
1.498,-0.237579956642,-0.18394846884
1.499,-0.237759043964,-0.174228049429
1.5,-0.237928416552,-0.164519063572
1.501,-0.238088086022,-0.154821872671
1.502,-0.238238064349,-0.145136836983
1.503,-0.238378363868,-0.135464315604
1.504,-0.238508997271,-0.125804666464
1.505,-0.23862997761,-0.116158246309
1.506,-0.238741318292,-0.106525410692
1.507,-0.238843033078,-0.0969065139601
1.508,-0.238935136084,-0.0873019092441
1.509,-0.239017641778,-0.0777119484455
1.51,-0.239090564979,-0.0681369822261
1.511,-0.239153920857,-0.0585773599955
1.512,-0.23920772493,-0.0490334299003
1.513,-0.239251993063,-0.0395055388124
1.514,-0.239286741469,-0.0299940323182
1.515,-0.239311986704,-0.0204992547067
1.516,-0.239327745669,-0.0110215489589
1.517,-0.239334035607,-0.00156125673677
1.518,-0.239330874101,0.00788128162829
1.519,-0.239318279074,0.0173057271458
1.52,-0.23929626879,0.0267117421774
1.521,-0.239264861846,0.0360989904473
1.522,-0.239224077176,0.0454671370532
1.523,-0.23917393405,0.0548158484772
1.524,-0.239114452068,0.0641447925955
1.525,-0.239045651164,0.0734536386897
1.526,-0.2389675516,0.0827420574569
1.527,-0.238880173968,0.0920097210199
1.528,-0.238783539185,0.101256302938
1.529,-0.238677668497,0.110481478215
1.53,-0.238562583472,0.119684923314
1.531,-0.238438306002,0.128866316162
1.532,-0.238304858298,0.138025336164
1.533,-0.238162262893,0.147161664208
1.534,-0.238010542639,0.156274982683
1.535,-0.237849720703,0.165364975479
1.536,-0.237679820568,0.174431328003
1.537,-0.237500866032,0.183473727188
1.538,-0.237312881202,0.1924918615
1.539,-0.2371158905,0.201485420949
1.54,-0.236909918655,0.210454097097
1.541,-0.236694990703,0.219397583071
1.542,-0.236471131987,0.228315573566
1.543,-0.236238368156,0.237207764859
1.544,-0.235996725158,0.246073854819
1.545,-0.235746229247,0.254913542909
1.546,-0.235486906973,0.263726530202
1.547,-0.235218785186,0.272512519387
1.548,-0.234941891032,0.281271214777
1.549,-0.234656251952,0.290002322318
1.55,-0.234361895681,0.298705549598
1.551,-0.234058850243,0.307380605857
1.552,-0.233747143956,0.316027201992
1.553,-0.233426805422,0.324645050566
1.554,-0.233097863532,0.33323386582
1.555,-0.232760347463,0.341793363676
1.556,-0.232414286672,0.350323261747
1.557,-0.232059710899,0.358823279347
1.558,-0.231696650166,0.367293137497
1.559,-0.23132513477,0.375732558931
1.56,-0.230945195286,0.384141268107
1.561,-0.230556862563,0.392518991213
1.562,-0.230160167723,0.400865456174
1.563,-0.22975514216,0.409180392662
1.564,-0.229341817537,0.417463532101
1.565,-0.228920225784,0.425714607672
1.566,-0.228490399098,0.433933354328
1.567,-0.228052369939,0.442119508793
1.568,-0.227606171031,0.450272809572
1.569,-0.227151835358,0.458392996961
1.57,-0.226689396161,0.466479813047
1.571,-0.226218886941,0.474533001724
1.572,-0.225740341452,0.482552308689
1.573,-0.225253793702,0.49053748146
1.574,-0.22475927795,0.498488269371
1.575,-0.224256828707,0.506404423589
1.576,-0.22374648073,0.514285697112
1.577,-0.223228269022,0.522131844782
1.578,-0.22270222883,0.529942623286
1.579,-0.222168395646,0.537717791165
1.58,-0.221626805198,0.545457108819
1.581,-0.221077493457,0.553160338512
1.582,-0.220520496629,0.560827244382
1.583,-0.219955851155,0.568457592441
1.584,-0.219383593708,0.576051150585
1.585,-0.218803761193,0.583607688598
1.586,-0.218216390747,0.591126978157
1.587,-0.217621519729,0.598608792838
1.588,-0.217019185727,0.606052908123
1.589,-0.216409426553,0.613459101402
1.59,-0.215792280239,0.62082715198
1.591,-0.215167785037,0.628156841084
1.592,-0.214535979416,0.635447951863
1.593,-0.213896902064,0.642700269398
1.594,-0.21325059188,0.649913580705
1.595,-0.212597087975,0.657087674738
1.596,-0.211936429672,0.664222342396
1.597,-0.211268656501,0.671317376527
1.598,-0.210593808199,0.678372571933
1.599,-0.209911924705,0.685387725371
1.6,-0.209223046163,0.692362635563
1.601,-0.208527212915,0.699297103196
1.602,-0.207824465503,0.706190930927
1.603,-0.207114844665,0.713043923389
1.604,-0.206398391332,0.719855887192
1.605,-0.20567514663,0.726626630929
1.606,-0.204945151874,0.733355965179
1.607,-0.204208448566,0.740043702512
1.608,-0.203465078396,0.74668965749
1.609,-0.202715083239,0.753293646673
1.61,-0.201958505152,0.759855488622
1.611,-0.201195386371,0.766375003901
1.612,-0.200425769312,0.772852015082
1.613,-0.199649696568,0.779286346747
1.614,-0.198867210903,0.785677825493
1.615,-0.198078355258,0.792026279933
1.616,-0.197283172741,0.798331540698
1.617,-0.19648170663,0.804593440444
1.618,-0.195674000369,0.810811813851
1.619,-0.194860097566,0.816986497628
1.62,-0.194040041991,0.823117330514
1.621,-0.193213877575,0.82920415328
1.622,-0.192381648407,0.835246808736
1.623,-0.191543398732,0.841245141727
1.624,-0.190699172949,0.847198999139
1.625,-0.189849015609,0.853108229901
1.626,-0.188992971414,0.858972684987
1.627,-0.188131085213,0.864792217416
1.628,-0.187263402002,0.870566682258
1.629,-0.186389966919,0.876295936632
1.63,-0.185510825246,0.881979839708
1.631,-0.184626022403,0.887618252712
1.632,-0.183735603949,0.893211038925
1.633,-0.182839615579,0.898758063685
1.634,-0.18193810312,0.904259194388
1.635,-0.181031112532,0.90971430049
1.636,-0.180118689904,0.915123253508
1.637,-0.179200881451,0.920485927022
1.638,-0.178277733517,0.925802196674
1.639,-0.177349292567,0.931071940173
1.64,-0.176415605186,0.93629503729
1.641,-0.175476718081,0.941471369864
1.642,-0.174532678073,0.946600821801
1.643,-0.173583532102,0.951683279076
1.644,-0.172629327217,0.956718629728
1.645,-0.171670110581,0.96170676387
1.646,-0.170705929464,0.966647573679
1.647,-0.169736831244,0.971540953407
1.648,-0.168762863402,0.976386799371
1.649,-0.167784073524,0.981185009961
1.65,-0.166800509294,0.985935485637
1.651,-0.165812218497,0.990638128927
1.652,-0.164819249012,0.995292844431
1.653,-0.163821648815,0.999899538819
1.654,-0.162819465972,1.00445812083
1.655,-0.161812748641,1.00896850127
1.656,-0.160801545066,1.01343059303
1.657,-0.159785903579,1.01784431103
1.658,-0.158765872596,1.02220957231
1.659,-0.157741500614,1.02652629595
1.66,-0.15671283621,1.03079440308
1.661,-0.155679928039,1.03501381693
1.662,-0.154642824832,1.03918446278
1.663,-0.153601575393,1.04330626796
1.664,-0.1525562286,1.0473791619
1.665,-0.151506833396,1.05140307605
1.666,-0.150453438796,1.05537794395
1.667,-0.149396093879,1.05930370118
1.668,-0.148334847785,1.0631802854
1.669,-0.147269749719,1.06700763631
1.67,-0.146200848943,1.07078569567
1.671,-0.145128194777,1.07451440729
1.672,-0.144051836596,1.07819371704
1.673,-0.142971823828,1.08182357284
1.674,-0.141888205952,1.08540392465
1.675,-0.140801032496,1.08893472449
1.676,-0.139710353035,1.0924159264
1.677,-0.13861621719,1.0958474865
1.678,-0.137518674624,1.09922936291
1.679,-0.136417775039,1.10256151582
1.68,-0.135313568179,1.10584390745
1.681,-0.134206103823,1.10907650203
1.682,-0.133095431785,1.11225926586
1.683,-0.131981601912,1.11539216724
1.684,-0.130864664082,1.1184751765
1.685,-0.129744668199,1.121508266
1.686,-0.128621664198,1.12449141012
1.687,-0.127495702035,1.12742458527
1.688,-0.126366831691,1.13030776984
1.689,-0.125235103166,1.13314094428
1.69,-0.124100566479,1.13592409101
1.691,-0.122963271665,1.13865719447
1.692,-0.121823268775,1.14134024111
1.693,-0.120680607872,1.14397321937
1.694,-0.119535339029,1.14655611969
1.695,-0.118387512328,1.1490889345
1.696,-0.117237177857,1.15157165824
1.697,-0.11608438571,1.1540042873
1.698,-0.114929185982,1.15638682007
1.699,-0.113771628769,1.15871925694
1.7,-0.112611764166,1.16100160024
1.701,-0.111449642264,1.1632338543
1.702,-0.110285313151,1.16541602539
1.703,-0.109118826905,1.16754812176
1.704,-0.107950233596,1.16963015363
1.705,-0.106779583282,1.17166213315
1.706,-0.105606926009,1.17364407444
1.707,-0.104432311808,1.17557599356
1.708,-0.10325579069,1.17745790851
1.709,-0.102077412652,1.17928983924
1.71,-0.100897227666,1.18107180762
1.711,-0.099715285683,1.18280383745
1.712,-0.0985316366287,1.18448595448
1.713,-0.0973463304024,1.18611818634
1.714,-0.0961594168746,1.1877005626
1.715,-0.0949709458853,1.18923311475
1.716,-0.0937809672421,1.19071587615
1.717,-0.0925895307182,1.1921488821
1.718,-0.0913966860507,1.19353216978
1.719,-0.0902024829385,1.19486577824
1.72,-0.0890069710404,1.19614974846
1.721,-0.0878101999734,1.19738412327
1.722,-0.0866122193108,1.19856894737
1.723,-0.0854130785801,1.19970426735
1.724,-0.0842128272613,1.20079013166
1.725,-0.0830115147853,1.20182659061
1.726,-0.0818091905313,1.20281369635
1.727,-0.0806059038257,1.20375150289
1.728,-0.07940170394,1.20464006608
1.729,-0.0781966400888,1.20547944362
1.73,-0.0769907614282,1.20626969501
1.731,-0.0757841170537,1.20701088162
1.732,-0.0745767559989,1.20770306659
1.733,-0.0733687272328,1.20834631491
1.734,-0.072160079659,1.20894069337
1.735,-0.0709508621132,1.20948627055
1.736,-0.0697411233616,1.20998311684
1.737,-0.0685309120992,1.21043130441
1.738,-0.0673202769478,1.21083090721
1.739,-0.0661092664545,1.21118200098
1.74,-0.0648979290897,1.21148466323
1.741,-0.0636863132455,1.21173897321
1.742,-0.0624744672337,1.21194501196
1.743,-0.0612624392844,1.21210286225
1.744,-0.0600502775439,1.21221260861
1.745,-0.0588380300732,1.21227433729
1.746,-0.057625744846,1.21228813629
1.747,-0.0564134697473,1.21225409532
1.748,-0.0552012525715,1.21217230582
1.749,-0.0539891410208,1.21204286092
1.75,-0.0527771827033,1.21186585549
1.751,-0.0515654251312,1.21164138606
1.752,-0.0503539157198,1.21136955088
1.753,-0.0491427017848,1.21105044986
1.754,-0.0479318305415,1.21068418459
1.755,-0.0467213491027,1.21027085835
1.756,-0.0455113044769,1.20981057606
1.757,-0.0443017435671,1.2093034443
1.758,-0.0430927131687,1.2087495713
1.759,-0.0418842599683,1.20814906692
1.76,-0.0406764305416,1.20750204267
1.761,-0.0394692713519,1.20680861167
1.762,-0.038262828749,1.20606888866
1.763,-0.0370571489666,1.20528298999
1.764,-0.0358522781216,1.20445103362
1.765,-0.0346482622121,1.2035731391
1.766,-0.0334451471158,1.20264942755
1.767,-0.0322429785885,1.2016800217
1.768,-0.0310418022624,1.20066504584
1.769,-0.0298416636449,1.1996046258
1.77,-0.0286426081165,1.19849888899
1.771,-0.0274446809296,1.19734796436
1.772,-0.0262479272069,1.19615198241
1.773,-0.0250523919399,1.19491107515
1.774,-0.0238581199872,1.19362537613
1.775,-0.0226651560733,1.19229502041
1.776,-0.0214735447865,1.19092014456
1.777,-0.0202833305782,1.18950088665
1.778,-0.0190945577607,1.18803738622
1.779,-0.0179072705063,1.18652978433
1.78,-0.0167215128451,1.18497822347
1.781,-0.0155373286644,1.18338284764
1.782,-0.0143547617064,1.18174380226
1.783,-0.0131738555674,1.18006123422
1.784,-0.0119946536961,1.17833529184
1.785,-0.010817199392,1.17656612488
1.786,-0.0096415358042,1.1747538845
1.787,-0.00846770592996,1.17289872332
1.788,-0.0072957526132,1.17100079532
1.789,-0.00612571854317,1.16906025589
1.79,-0.004957646253,1.16707726182
1.791,-0.00379157811838,1.16505197128
1.792,-0.00262755635614,1.16298454378
1.793,-0.00146562302288,1.16087514023
1.794,-0.000305820013652,1.15872392287
1.795,0.000851810939415,1.15653105529
1.796,0.00200722826845,1.15429670241
1.797,0.00316039057118,1.15202103048
1.798,0.00431125661222,1.14970420708
1.799,0.00545978532443,1.14734640107
1.8,0.00660593581017,1.14494778262
1.801,0.00774966734264,1.1425085232
1.802,0.00889093936712,1.14002879554
1.803,0.0100297115023,1.13750877367
1.804,0.0111659435414,1.13494863285
1.805,0.0122995954538,1.13234854961
1.806,0.0134306273857,1.12970870172
1.807,0.014558999662,1.12702926818
1.808,0.0156846727869,1.12431042922
1.809,0.0168076074457,1.12155236628
1.81,0.0179277645057,1.118755262
1.811,0.0190451050172,1.11591930023
1.812,0.0201595902153,1.11304466601
1.813,0.0212711815204,1.11013154552
1.814,0.02237984054,1.10718012615
1.815,0.0234855290693,1.10419059643
1.816,0.0245882090926,1.10116314604
1.817,0.0256878427847,1.0980979658
1.818,0.0267843925115,1.09499524764
1.819,0.0278778208317,1.09185518464
1.82,0.0289680904972,1.08867797097
1.821,0.0300551644551,1.08546380191
1.822,0.031139005848,1.08221287381
1.823,0.0322195780155,1.07892538413
1.824,0.0332968444952,1.07560153138
1.825,0.0343707690237,1.07224151512
1.826,0.0354413155378,1.068845536
1.827,0.0365084481753,1.06541379567
1.828,0.0375721312763,1.06194649683
1.829,0.038632329384,1.05844384319
1.83,0.0396890072459,1.05490603949
1.831,0.0407421298148,1.05133329145
1.832,0.0417916622496,1.0477258058
1.833,0.0428375699164,1.04408379022
1.834,0.0438798183896,1.04040745341
1.835,0.0449183734527,1.03669700498
1.836,0.0459532010992,1.03295265551
1.837,0.0469842675339,1.02917461654
1.838,0.0480115391733,1.02536310052
1.839,0.049034982647,1.02151832081
1.84,0.0500545647984,1.01764049171
1.841,0.0510702526856,1.0137298284
1.842,0.0520820135824,1.00978654694
1.843,0.0530898149791,1.0058108643
1.844,0.0540936245832,1.00180299829
1.845,0.0550934103208,0.997763167605
1.846,0.0560891403367,0.993691591766
1.847,0.057080782996,0.989588491145
1.848,0.0580683068844,0.985454086939
1.849,0.0590516808093,0.981288601164
1.85,0.0600308738005,0.977092256644
1.851,0.0610058551109,0.972865277
1.852,0.0619765942176,0.96860788664
1.853,0.0629430608223,0.964320310749
1.854,0.0639052248525,0.960002775278
1.855,0.0648630564619,0.955655506936
1.856,0.0658165260312,0.951278733175
1.857,0.0667656041691,0.946872682185
1.858,0.0677102617128,0.942437582879
1.859,0.0686504697287,0.937973664886
1.86,0.0695861995131,0.933481158538
1.861,0.0705174225933,0.928960294862
1.862,0.0714441107276,0.924411305567
1.863,0.0723662359066,0.919834423037
1.864,0.0732837703536,0.915229880316
1.865,0.0741966865251,0.910597911102
1.866,0.0751049571117,0.905938749735
1.867,0.0760085550388,0.901252631183
1.868,0.0769074534669,0.896539791039
1.869,0.0778016257924,0.891800465503
1.87,0.0786910456483,0.887034891376
1.871,0.0795756869047,0.882243306049
1.872,0.0804555236694,0.87742594749
1.873,0.0813305302881,0.872583054238
1.874,0.0822006813459,0.867714865388
1.875,0.0830659516669,0.862821620583
1.876,0.0839263163152,0.857903560002
1.877,0.0847817505952,0.852960924352
1.878,0.0856322300526,0.847993954855
1.879,0.0864777304742,0.84300289324
1.88,0.0873182278891,0.837987981728
1.881,0.0881536985686,0.832949463027
1.882,0.0889841190271,0.827887580319
1.883,0.0898094660224,0.822802577248
1.884,0.0906297165562,0.817694697912
1.885,0.0914448478743,0.812564186852
1.886,0.0922548374676,0.807411289041
1.887,0.093059663072,0.802236249872
1.888,0.0938593026688,0.797039315151
1.889,0.0946537344858,0.791820731084
1.89,0.0954429369967,0.786580744268
1.891,0.0962268889224,0.781319601679
1.892,0.0970055692306,0.776037550661
1.893,0.0977789571368,0.77073483892
1.894,0.0985470321042,0.765411714508
1.895,0.0993097738444,0.760068425815
1.896,0.100067162317,0.75470522156
1.897,0.100819177732,0.749322350778
1.898,0.101565800546,0.743920062811
1.899,0.102307011468,0.738498607298
1.9,0.103042791455,0.733058234162
1.901,0.103773121714,0.727599193603
1.902,0.104497983703,0.722121736085
1.903,0.105217359131,0.716626112329
1.904,0.105931229956,0.711112573298
1.905,0.10663957839,0.705581370189
1.906,0.107342386892,0.700032754425
1.907,0.108039638178,0.694466977639
1.908,0.108731315211,0.68888429167
1.909,0.109417401209,0.683284948548
1.91,0.11009787964,0.677669200485
1.911,0.110772734226,0.672037299866
1.912,0.11144194894,0.666389499238
1.913,0.112105508009,0.660726051299
1.914,0.112763395911,0.655047208888
1.915,0.113415597379,0.649353224976
1.916,0.114062097398,0.643644352653
1.917,0.114702881206,0.637920845122
1.918,0.115337934294,0.632182955685
1.919,0.115967242408,0.626430937734
1.92,0.116590791545,0.620665044742
1.921,0.117208567957,0.61488553025
1.922,0.117820558149,0.609092647862
1.923,0.118426748881,0.603286651229
1.924,0.119027127165,0.597467794042
1.925,0.119621680267,0.591636330023
1.926,0.120210395707,0.585792512911
1.927,0.12079326126,0.579936596456
1.928,0.121370264952,0.574068834408
1.929,0.121941395065,0.568189480505
1.93,0.122506640133,0.562298788464
1.931,0.123065988947,0.556397011973
1.932,0.123619430547,0.550484404678
1.933,0.12416695423,0.544561220175
1.934,0.124708549546,0.538627712001
1.935,0.125244206298,0.53268413362
1.936,0.125773914541,0.526730738418
1.937,0.126297664587,0.52076777969
1.938,0.126815446997,0.514795510632
1.939,0.127327252589,0.508814184329
1.94,0.127833072431,0.502824053749
1.941,0.128332897846,0.496825371728
1.942,0.128826720408,0.490818390965
1.943,0.129314531946,0.48480336401
1.944,0.129796324538,0.478780543255
1.945,0.130272090518,0.472750180924
1.946,0.13074182247,0.466712529063
1.947,0.131205513231,0.46066783953
1.948,0.131663155887,0.454616363989
1.949,0.13211474378,0.448558353896
1.95,0.132560270501,0.442494060491
1.951,0.132999729891,0.436423734789
1.952,0.133433116043,0.43034762757
1.953,0.133860423302,0.42426598937
1.954,0.134281646262,0.418179070472
1.955,0.134696779766,0.412087120895
1.956,0.13510581891,0.405990390386
1.957,0.135508759036,0.39988912841
1.958,0.135905595739,0.39378358414
1.959,0.13629632486,0.387674006452
1.96,0.13668094249,0.381560643908
1.961,0.137059444969,0.375443744755
1.962,0.137431828884,0.369323556909
1.963,0.137798091069,0.363200327951
1.964,0.138158228608,0.357074305115
1.965,0.138512238831,0.350945735279
1.966,0.138860119312,0.344814864957
1.967,0.139201867876,0.338681940289
1.968,0.13953748259,0.332547207034
1.969,0.139866961769,0.326410910559
1.97,0.140190303972,0.320273295828
1.971,0.140507508002,0.3141346074
1.972,0.14081857291,0.307995089413
1.973,0.141123497986,0.301854985578
1.974,0.141422282767,0.29571453917
1.975,0.141714927031,0.289573993023
1.976,0.1420014308,0.283433589512
1.977,0.142281794338,0.277293570553
1.978,0.14255601815,0.271154177592
1.979,0.142824102982,0.265015651595
1.98,0.143086049823,0.258878233037
1.981,0.143341859898,0.252742161902
1.982,0.143591534675,0.246607677665
1.983,0.143835075862,0.240475019287
1.984,0.144072485402,0.23434442521
1.985,0.14430376548,0.228216133344
1.986,0.144528918515,0.222090381059
1.987,0.144747947167,0.21596740518
1.988,0.14496085433,0.209847441974
1.989,0.145167643134,0.203730727148
1.99,0.145368316945,0.197617495832
1.991,0.145562879365,0.191507982581
1.992,0.145751334228,0.185402421358
1.993,0.145933685603,0.17930104553
1.994,0.146109937792,0.173204087862
1.995,0.146280095329,0.167111780502
1.996,0.14644416298,0.161024354983
1.997,0.146602145743,0.154942042204
1.998,0.146754048845,0.14886507243
1.999,0.146899877745,0.142793675283
2,0.14703963813,0.136728079731
2.001,0.147173335915,0.130668514082
2.002,0.147300977244,0.124615205976
2.003,0.147422568488,0.118568382378
2.004,0.147538116246,0.112528269571
2.005,0.147647627339,0.106495093146
2.006,0.147751108819,0.100469077995
2.007,0.147848567957,0.094450448305
2.008,0.147940012252,0.0884394275492
2.009,0.148025449423,0.0824362384798
2.01,0.148104887413,0.0764411031209
2.011,0.148178334388,0.0704542427606
2.012,0.148245798731,0.0644758779439
2.013,0.148307289049,0.0585062284656
2.014,0.148362814166,0.0525455133627
2.015,0.148412383126,0.0465939509072
2.016,0.148456005191,0.0406517585994
2.017,0.148493689839,0.0347191531601
2.018,0.148525446765,0.028796350524
2.019,0.148551285879,0.0228835658327
2.02,0.148571217308,0.0169810134271
2.021,0.148585251388,0.0110889068414
2.022,0.148593398674,0.00520745879524
2.023,0.148595669929,-0.000663118812438
2.024,0.14859207613,-0.00652261491059
2.025,0.148582628464,-0.0123708192627
2.026,0.148567338326,-0.0182075224735
2.027,0.148546217322,-0.0240325159958
2.028,0.148519277266,-0.0298455921367
2.029,0.148486530179,-0.0356465440648
2.03,0.148447988288,-0.0414351658161
2.031,0.148403664026,-0.0472112523011
2.032,0.14835357003,-0.0529745993105
2.033,0.148297719141,-0.0587250035225
2.034,0.148236124405,-0.0644622625082
2.035,0.148168799065,-0.0701861747388
2.036,0.148095756571,-0.0758965395911
2.037,0.148017010569,-0.0815931573543
2.038,0.147932574905,-0.0872758292356
2.039,0.147842463625,-0.0929443573668
2.04,0.14774669097,-0.0985985448101
2.041,0.147645271381,-0.104238195564
2.042,0.14753821949,-0.109863114571
2.043,0.147425550127,-0.115473107718
2.044,0.147307278314,-0.121067981851
2.045,0.147183419267,-0.126647544773
2.046,0.147053988392,-0.132211605254
2.047,0.146919001287,-0.137759973035
2.048,0.14677847374,-0.143292458834
2.049,0.146632421726,-0.148808874353
2.05,0.146480861411,-0.154309032282
2.051,0.146323809143,-0.159792746303
2.052,0.146161281461,-0.1652598311
2.053,0.145993295086,-0.170710102362
2.054,0.145819866922,-0.176143376786
2.055,0.145641014058,-0.181559472086
2.056,0.145456753765,-0.186958206997
2.057,0.145267103491,-0.192339401279
2.058,0.145072080869,-0.197702875725
2.059,0.144871703706,-0.203048452162
2.06,0.144665989989,-0.208375953461
2.061,0.144454957883,-0.213685203537
2.062,0.144238625725,-0.218976027358
2.063,0.144017012028,-0.224248250949
2.064,0.14379013548,-0.229501701394
2.065,0.14355801494,-0.234736206845
2.066,0.143320669439,-0.239951596524
2.067,0.143078118176,-0.245147700728
2.068,0.142830380522,-0.250324350837
2.069,0.142577476015,-0.255481379312
2.07,0.142319424359,-0.260618619705
2.071,0.142056245427,-0.265735906663
2.072,0.141787959252,-0.270833075931
2.073,0.141514586035,-0.275909964354
2.074,0.141236146138,-0.280966409889
2.075,0.140952660083,-0.2860022516
2.076,0.140664148556,-0.29101732967
2.077,0.140370632398,-0.296011485399
2.078,0.140072132611,-0.300984561214
2.079,0.139768670354,-0.305936400667
2.08,0.139460266941,-0.310866848445
2.081,0.139146943839,-0.31577575037
2.082,0.138828722673,-0.320662953404
2.083,0.138505625216,-0.325528305654
2.084,0.138177673396,-0.330371656373
2.085,0.137844889287,-0.335192855967
2.086,0.137507295117,-0.339991755997
2.087,0.137164913258,-0.344768209184
2.088,0.136817766229,-0.34952206941
2.089,0.136465876698,-0.354253191725
2.09,0.136109267473,-0.358961432347
2.091,0.135747961508,-0.363646648669
2.092,0.135381981898,-0.368308699258
2.093,0.135011351878,-0.372947443865
2.094,0.134636094825,-0.377562743422
2.095,0.134256234253,-0.382154460046
2.096,0.133871793812,-0.386722457047
2.097,0.13348279729,-0.391266598926
2.098,0.13308926861,-0.395786751381
2.099,0.132691231828,-0.400282781307
2.1,0.132288711133,-0.404754556805
2.101,0.131881730843,-0.409201947177
2.102,0.13147031541,-0.413624822936
2.103,0.131054489412,-0.418023055803
2.104,0.130634277555,-0.422396518714
2.105,0.130209704673,-0.426745085822
2.106,0.129780795723,-0.431068632497
2.107,0.129347575789,-0.435367035332
2.108,0.128910070075,-0.439640172144
2.109,0.128468303907,-0.443887921975
2.11,0.128022302733,-0.448110165099
2.111,0.127572092119,-0.452306783019
2.112,0.127117697748,-0.456477658472
2.113,0.126659145421,-0.460622675433
2.114,0.126196461055,-0.464741719113
2.115,0.125729670679,-0.468834675965
2.116,0.125258800436,-0.472901433686
2.117,0.124783876581,-0.476941881214
2.118,0.12430492548,-0.480955908737
2.119,0.123821973607,-0.484943407691
2.12,0.123335047544,-0.488904270763
2.121,0.122844173979,-0.492838391893
2.122,0.122349379709,-0.496745666273
2.123,0.12185069163,-0.500625990354
2.124,0.121348136746,-0.504479261844
2.125,0.120841742158,-0.508305379711
2.126,0.120331535071,-0.512104244183
2.127,0.119817542787,-0.515875756753
2.128,0.119299792707,-0.519619820175
2.129,0.118778312328,-0.523336338473
2.13,0.118253129243,-0.527025216933
2.131,0.117724271139,-0.530686362115
2.132,0.117191765794,-0.534319681845
2.133,0.116655641081,-0.537925085222
2.134,0.116115924959,-0.541502482615
2.135,0.11557264548,-0.545051785669
2.136,0.115025830782,-0.548572907301
2.137,0.114475509088,-0.552065761706
2.138,0.113921708709,-0.555530264354
2.139,0.113364458038,-0.558966331993
2.14,0.112803785551,-0.562373882648
2.141,0.112239719805,-0.565752835625
2.142,0.111672289438,-0.569103111508
2.143,0.111101523167,-0.572424632163
2.144,0.110527449785,-0.575717320737
2.145,0.109950098162,-0.578981101658
2.146,0.109369497242,-0.582215900639
2.147,0.108785676045,-0.585421644672
2.148,0.108198663662,-0.588598262036
2.149,0.107608489254,-0.591745682292
2.15,0.107015182053,-0.594863836286
2.151,0.106418771359,-0.597952656147
2.152,0.105819286541,-0.601012075292
2.153,0.105216757031,-0.60404202842
2.154,0.104611212327,-0.607042451515
2.155,0.104002681992,-0.610013281849
2.156,0.103391195648,-0.612954457977
2.157,0.102776782981,-0.615865919741
2.158,0.102159473733,-0.618747608265
2.159,0.101539297708,-0.621599465963
2.16,0.100916284764,-0.624421436529
2.161,0.100290464816,-0.627213464946
2.162,0.0996618678324,-0.629975497479
2.163,0.0990305238367,-0.632707481678
2.164,0.0983964629023,-0.635409366377
2.165,0.0977597151538,-0.638081101694
2.166,0.0971203107649,-0.640722639029
2.167,0.0964782799575,-0.643333931065
2.168,0.0958336529999,-0.645914931767
2.169,0.095186460206,-0.648465596382
2.17,0.0945367319337,-0.650985881438
2.171,0.0938844985838,-0.653475744741
2.172,0.0932297905985,-0.655935145378
2.173,0.0925726384605,-0.658364043714
2.174,0.0919130726913,-0.660762401393
2.175,0.0912511238503,-0.663130181334
2.176,0.0905868225332,-0.665467347732
2.177,0.0899201993709,-0.667773866058
2.178,0.0892512850283,-0.670049703056
2.179,0.0885801102026,-0.672294826743
2.18,0.0879067056228,-0.674509206408
2.181,0.0872311020477,-0.67669281261
2.182,0.0865533302648,-0.678845617176
2.183,0.0858734210895,-0.680967593203
2.184,0.0851914053632,-0.683058715053
2.185,0.0845073139523,-0.685118958355
2.186,0.0838211777471,-0.687148299999
2.187,0.0831330276602,-0.68914671814
2.188,0.0824428946255,-0.691114192192
2.189,0.081750809597,-0.69305070283
2.19,0.0810568035471,-0.694956231985
2.191,0.0803609074658,-0.696830762844
2.192,0.0796631523594,-0.698674279849
2.193,0.0789635692488,-0.700486768695
2.194,0.0782621891691,-0.702268216327
2.195,0.0775590431672,-0.704018610938
2.196,0.0768541623018,-0.705737941969
2.197,0.076147577641,-0.707426200108
2.198,0.0754393202619,-0.709083377282
2.199,0.074729421249,-0.710709466661
2.2,0.0740179116931,-0.712304462656
2.201,0.0733048226897,-0.713868360912
2.202,0.0725901853382,-0.715401158309
2.203,0.0718740307407,-0.716902852962
2.204,0.0711563900001,-0.718373444213
2.205,0.0704372942199,-0.719812932634
2.206,0.0697167745019,-0.721221320023
2.207,0.0689948619459,-0.722598609399
2.208,0.0682715876477,-0.723944805005
2.209,0.0675469826987,-0.7252599123
2.21,0.0668210781837,-0.72654393796
2.211,0.0660939051807,-0.727796889873
2.212,0.0653654947589,-0.729018777139
2.213,0.0646358779779,-0.730209610066
2.214,0.0639050858864,-0.731369400168
2.215,0.063173149521,-0.732498160159
2.216,0.0624400999049,-0.733595903956
2.217,0.0617059680468,-0.734662646672
2.218,0.0609707849398,-0.735698404613
2.219,0.06023458156,-0.736703195278
2.22,0.0594973888655,-0.737677037354
2.221,0.0587592377949,-0.738619950714
2.222,0.0580201592666,-0.739531956412
2.223,0.0572801841773,-0.740413076682
2.224,0.0565393434006,-0.741263334935
2.225,0.0557976677866,-0.742082755754
2.226,0.0550551881597,-0.742871364894
2.227,0.0543119353184,-0.743629189274
2.228,0.0535679400334,-0.744356256978
2.229,0.052823233047,-0.74505259725
2.23,0.0520778450713,-0.745718240492
2.231,0.0513318067878,-0.746353218257
2.232,0.0505851488458,-0.746957563249
2.233,0.049837901861,-0.747531309321
2.234,0.0490900964151,-0.748074491465
2.235,0.048341763054,-0.748587145816
2.236,0.047592932287,-0.749069309643
2.237,0.0468436345855,-0.749521021348
2.238,0.0460939003819,-0.749942320463
2.239,0.0453437600686,-0.750333247643
2.24,0.0445932439967,-0.750693844665
2.241,0.043842382475,-0.751024154424
2.242,0.043091205769,-0.751324220928
2.243,0.0423397440993,-0.751594089297
2.244,0.041588027641,-0.751833805755
2.245,0.0408360865226,-0.752043417628
2.246,0.0400839508245,-0.752222973342
2.247,0.0393316505782,-0.752372522416
2.248,0.0385792157651,-0.752492115459
2.249,0.0378266763154,-0.752581804168
2.25,0.0370740621073,-0.75264164132
2.251,0.0363214029654,-0.75267168077
2.252,0.03556872866,-0.752671977449
2.253,0.0348160689061,-0.752642587356
2.254,0.0340634533619,-0.752583567555
2.255,0.0333109116282,-0.752494976173
2.256,0.0325584732471,-0.752376872392
2.257,0.0318061677008,-0.752229316447
2.258,0.0310540244112,-0.752052369623
2.259,0.0303020727378,-0.751846094245
2.26,0.0295503419778,-0.751610553682
2.261,0.0287988613641,-0.751345812334
2.262,0.0280476600649,-0.751051935634
2.263,0.0272967671825,-0.750728990039
2.264,0.026546211752,-0.750377043029
2.265,0.0257960227407,-0.7499961631
2.266,0.025046229047,-0.74958641976
2.267,0.0242968594989,-0.749147883525
2.268,0.0235479428537,-0.748680625913
2.269,0.0227995077967,-0.748184719441
2.27,0.02205158294,-0.747660237619
2.271,0.0213041968218,-0.747107254947
2.272,0.0205573779052,-0.746525846905
2.273,0.0198111545776,-0.745916089957
2.274,0.0190655551492,-0.745278061536
2.275,0.0183206078523,-0.744611840049
2.276,0.0175763408403,-0.743917504864
2.277,0.016832782187,-0.74319513631
2.278,0.0160899598851,-0.74244481567
2.279,0.0153479018457,-0.741666625176
2.28,0.014606635897,-0.740860648004
2.281,0.0138661897839,-0.740026968271
2.282,0.0131265911663,-0.739165671027
2.283,0.012387867619,-0.738276842251
2.284,0.0116500466301,-0.737360568846
2.285,0.0109131556003,-0.736416938634
2.286,0.0101772218422,-0.735446040351
2.287,0.00944227257908,-0.734447963641
2.288,0.00870833494422,-0.733422799051
2.289,0.00797543597982,-0.732370638026
2.29,0.00724360263622,-0.731291572904
2.291,0.00651286177099,-0.730185696908
2.292,0.00578324014802,-0.729053104147
2.293,0.00505476443665,-0.727893889603
2.294,0.00432746121081,-0.726708149131
2.295,0.00360135694815,-0.72549597945
2.296,0.00287647802915,-0.72425747814
2.297,0.00215285073629,-0.722992743638
2.298,0.0014305012532,-0.721701875227
2.299,0.000709455663785,-0.720384973035
2.3,-1.02600485781e-05,-0.719042138028
2.301,-0.00072862000191,-0.717673472007
2.302,-0.00144559841644,-0.716279077596
2.303,-0.00216116961543,-0.714859058244
2.304,-0.00287530802601,-0.713413518214
2.305,-0.00358798817997,-0.71194256258
2.306,-0.00429918471457,-0.71044629722
2.307,-0.00500887237337,-0.708924828811
2.308,-0.00571702600698,-0.707378264823
2.309,-0.00642362057389,-0.705806713515
2.31,-0.00712863114123,-0.704210283925
2.311,-0.00783203288556,-0.702589085869
2.312,-0.00853380109365,-0.700943229932
2.313,-0.00923391116323,-0.699272827464
2.314,-0.00993233860375,-0.697577990572
2.315,-0.0106290590372,-0.695858832118
2.316,-0.0113240481986,-0.694115465709
2.317,-0.0120172819374,-0.692348005692
2.318,-0.0127087362172,-0.690556567152
2.319,-0.0133983871174,-0.6887412659
2.32,-0.0140862108336,-0.686902218472
2.321,-0.014772183678,-0.68503954212
2.322,-0.0154562820808,-0.683153354807
2.323,-0.0161384825902,-0.681243775203
2.324,-0.0168187618735,-0.679310922675
2.325,-0.0174970967179,-0.677354917284
2.326,-0.0181734640307,-0.675375879778
2.327,-0.0188478408405,-0.673373931586
2.328,-0.0195202042977,-0.671349194812
2.329,-0.0201905316749,-0.669301792229
2.33,-0.020858800368,-0.667231847273
2.331,-0.0215249878966,-0.665139484035
2.332,-0.0221890719049,-0.663024827259
2.333,-0.0228510301618,-0.660888002332
2.334,-0.0235108405621,-0.658729135279
2.335,-0.0241684811271,-0.656548352758
2.336,-0.0248239300049,-0.654345782051
2.337,-0.0254771654711,-0.652121551062
2.338,-0.0261281659298,-0.649875788307
2.339,-0.0267769099135,-0.647608622909
2.34,-0.0274233760846,-0.645320184594
2.341,-0.0280675432352,-0.64301060368
2.342,-0.028709390288,-0.640680011075
2.343,-0.0293488962972,-0.638328538269
2.344,-0.0299860404485,-0.635956317328
2.345,-0.03062080206,-0.633563480888
2.346,-0.0312531605828,-0.631150162147
2.347,-0.0318830956015,-0.62871649486
2.348,-0.0325105868345,-0.626262613336
2.349,-0.033135614135,-0.623788652423
2.35,-0.0337581574913,-0.621294747512
2.351,-0.0343781970273,-0.618781034523
2.352,-0.0349957130031,-0.616247649901
2.353,-0.0356106858155,-0.613694730611
2.354,-0.0362230959986,-0.611122414131
2.355,-0.036832924224,-0.608530838444
2.356,-0.0374401513019,-0.605920142033
2.357,-0.0380447581809,-0.603290463875
2.358,-0.0386467259489,-0.600641943432
2.359,-0.0392460358336,-0.59797472065
2.36,-0.0398426692028,-0.595288935945
2.361,-0.0404366075651,-0.592584730205
2.362,-0.04102783257,-0.589862244775
2.363,-0.0416163260087,-0.587121621458
2.364,-0.0422020698144,-0.584363002504
2.365,-0.0427850460627,-0.581586530605
2.366,-0.0433652369723,-0.578792348888
2.367,-0.0439426249051,-0.575980600909
2.368,-0.0445171923667,-0.573151430648
2.369,-0.045088922007,-0.570304982499
2.37,-0.0456577966206,-0.567441401267
2.371,-0.0462237991469,-0.56456083216
2.372,-0.0467869126709,-0.56166342078
2.373,-0.0473471204231,-0.558749313123
2.374,-0.0479044057805,-0.555818655566
2.375,-0.0484587522665,-0.552871594865
2.376,-0.0490101435515,-0.549908278143
2.377,-0.0495585634532,-0.546928852892
2.378,-0.050103995937,-0.543933466958
2.379,-0.0506464251163,-0.540922268538
2.38,-0.0511858352528,-0.537895406177
2.381,-0.051722210757,-0.534853028754
2.382,-0.0522555361884,-0.531795285483
2.383,-0.0527857962558,-0.5287223259
2.384,-0.053312975818,-0.525634299861
2.385,-0.0538370598834,-0.522531357535
2.386,-0.0543580336111,-0.519413649395
2.387,-0.0548758823105,-0.516281326214
2.388,-0.0553905914422,-0.513134539056
2.389,-0.0559021466178,-0.509973439273
2.39,-0.0564105336004,-0.506798178495
2.391,-0.0569157383051,-0.503608908625
2.392,-0.0574177467987,-0.500405781834
2.393,-0.0579165453006,-0.497188950552
2.394,-0.0584121201825,-0.493958567462
2.395,-0.0589044579692,-0.490714785494
2.396,-0.0593935453383,-0.487457757819
2.397,-0.0598793691207,-0.484187637843
2.398,-0.060361916301,-0.480904579196
2.399,-0.0608411740175,-0.477608735734
2.4,-0.0613171295623,-0.474300261522
2.401,-0.0617897703817,-0.470979310838
2.402,-0.0622590840766,-0.467646038159
2.403,-0.0627250584022,-0.464300598156
2.404,-0.0631876812688,-0.460943145692
2.405,-0.0636469407412,-0.45757383581
2.406,-0.0641028250396,-0.454192823728
2.407,-0.0645553225397,-0.450800264834
2.408,-0.0650044217722,-0.447396314681
2.409,-0.0654501114238,-0.443981128974
2.41,-0.0658923803369,-0.440554863572
2.411,-0.0663312175097,-0.437117674474
2.412,-0.0667666120967,-0.43366971782
2.413,-0.0671985534083,-0.430211149877
2.414,-0.0676270309115,-0.426742127038
2.415,-0.0680520342296,-0.423262805813
2.416,-0.0684735531425,-0.419773342825
2.417,-0.0688915775869,-0.416273894801
2.418,-0.069306097656,-0.412764618566
2.419,-0.0697171036002,-0.409245671038
2.42,-0.0701245858267,-0.405717209222
2.421,-0.0705285348996,-0.4021793902
2.422,-0.0709289415404,-0.39863237113
2.423,-0.0713257966276,-0.395076309236
2.424,-0.071719091197,-0.391511361801
2.425,-0.0721088164418,-0.387937686164
2.426,-0.0724949637124,-0.384355439712
2.427,-0.0728775245168,-0.380764779872
2.428,-0.0732564905202,-0.377165864109
2.429,-0.0736318535455,-0.373558849915
2.43,-0.074003605573,-0.369943894805
2.431,-0.0743717387406,-0.366321156311
2.432,-0.0747362453437,-0.362690791976
2.433,-0.0750971178352,-0.359052959346
2.434,-0.0754543488255,-0.355407815965
2.435,-0.0758079310827,-0.351755519369
2.436,-0.0761578575323,-0.34809622708
2.437,-0.0765041212574,-0.344430096599
2.438,-0.0768467154986,-0.340757285398
2.439,-0.0771856336538,-0.33707795092
2.44,-0.0775208692785,-0.333392250564
2.441,-0.0778524160854,-0.329700341689
2.442,-0.0781802679448,-0.326002381597
2.443,-0.078504418884,-0.322298527537
2.444,-0.0788248630876,-0.318588936692
2.445,-0.0791415948975,-0.314873766175
2.446,-0.0794546088124,-0.311153173026
2.447,-0.0797638994883,-0.307427314198
2.448,-0.0800694617379,-0.303696346562
2.449,-0.0803712905308,-0.299960426891
2.45,-0.0806693809932,-0.29621971186
2.451,-0.0809637284082,-0.292474358036
2.452,-0.0812543282152,-0.288724521877
2.453,-0.08154117601,-0.284970359722
2.454,-0.0818242675447,-0.281212027785
2.455,-0.0821035987276,-0.277449682151
2.456,-0.0823791656231,-0.27368347877
2.457,-0.0826509644512,-0.269913573451
2.458,-0.0829189915879,-0.266140121853
2.459,-0.0831832435647,-0.262363279484
2.46,-0.0834437170684,-0.258583201692
2.461,-0.0837004089413,-0.254800043662
2.462,-0.0839533161807,-0.251013960404
2.463,-0.0842024359387,-0.247225106756
2.464,-0.0844477655223,-0.243433637371
2.465,-0.084689302393,-0.239639706715
2.466,-0.0849270441667,-0.235843469059
2.467,-0.0851609886135,-0.232045078476
2.468,-0.0853911336573,-0.228244688832
2.469,-0.085617477376,-0.224442453785
2.47,-0.0858400180009,-0.220638526773
2.471,-0.0860587539166,-0.216833061015
2.472,-0.086273683661,-0.213026209498
2.473,-0.0864848059246,-0.209218124981
2.474,-0.0866921195508,-0.205408959978
2.475,-0.0868956235352,-0.201598866764
2.476,-0.0870953170256,-0.19778799736
2.477,-0.0872911993218,-0.193976503532
2.478,-0.087483269875,-0.190164536787
2.479,-0.0876715282881,-0.186352248363
2.48,-0.0878559743149,-0.182539789227
2.481,-0.0880366078599,-0.178727310067
2.482,-0.0882134289785,-0.17491496129
2.483,-0.088386437876,-0.171102893014
2.484,-0.088555634908,-0.167291255062
2.485,-0.0887210205794,-0.16348019696
2.486,-0.0888825955449,-0.159669867927
2.487,-0.089040360608,-0.155860416874
2.488,-0.0891943167209,-0.152051992397
2.489,-0.0893444649844,-0.148244742772
2.49,-0.0894908066473,-0.144438815947
2.491,-0.0896333431064,-0.140634359542
2.492,-0.0897720759057,-0.136831520839
2.493,-0.0899070067363,-0.133030446781
2.494,-0.0900381374363,-0.129231283962
2.495,-0.0901654699901,-0.125434178627
2.496,-0.090289006528,-0.121639276663
2.497,-0.0904087493264,-0.117846723596
2.498,-0.0905247008066,-0.114056664584
2.499,-0.0906368635352,-0.110269244416
2.5,-0.0907452402232,-0.106484607502
2.501,-0.090849833726,-0.102702897871
2.502,-0.0909506470426,-0.0989242591644
2.503,-0.0910476833157,-0.0951488346336
2.504,-0.0911409458309,-0.0913767671324
2.505,-0.0912304380165,-0.0876081991134
2.506,-0.091316163443,-0.0838432726229
2.507,-0.0913981258228,-0.0800821292961
2.508,-0.0914763290097,-0.0763249103524
2.509,-0.0915507769985,-0.0725717565902
2.51,-0.0916214739247,-0.0688228083826
2.511,-0.0916884240638,-0.0650782056724
2.512,-0.0917516318311,-0.0613380879676
2.513,-0.0918111017811,-0.0576025943364
2.514,-0.0918668386073,-0.0538718634028
2.515,-0.0919188471416,-0.0501460333421
2.516,-0.0919671323536,-0.0464252418758
2.517,-0.0920116993506,-0.0427096262675
2.518,-0.092052553377,-0.038999323318
2.519,-0.0920896998136,-0.0352944693611
2.52,-0.0921231441774,-0.031595200259
2.521,-0.0921528921209,-0.0279016513975
2.522,-0.0921789494319,-0.0242139576821
2.523,-0.0922013220328,-0.0205322535332
2.524,-0.0922200159801,-0.0168566728819
2.525,-0.0922350374642,-0.0131873491654
2.526,-0.0922463928084,-0.00952441532293
2.527,-0.092254088469,-0.00586800379147
2.528,-0.0922581310341,-0.00221824650118
2.529,-0.0922585272239,0.00142472512861
2.53,-0.0922552838894,0.00506078019371
2.531,-0.0922484080125,0.00868978830922
2.532,-0.0922379067051,0.0123116196137
2.533,-0.0922237872086,0.0159261447735
2.534,-0.0922060568938,0.0195332349863
2.535,-0.0921847232598,0.023132761986
2.536,-0.0921597939335,0.0267245980462
2.537,-0.0921312766697,0.0303086159842
2.538,-0.0920991793498,0.0338846891655
2.539,-0.0920635099817,0.037452691507
2.54,-0.0920242766989,0.0410124974818
2.541,-0.0919814877605,0.0445639821224
2.542,-0.09193515155,0.0481070210248
2.543,-0.091885276575,0.0516414903527
2.544,-0.0918318714669,0.0551672668405
2.545,-0.0917749449799,0.0586842277981
2.546,-0.0917145059905,0.0621922511138
2.547,-0.0916505634974,0.0656912152584
2.548,-0.0915831266201,0.0691809992892
2.549,-0.091512204599,0.0726614828528
2.55,-0.0914378067944,0.0761325461897
2.551,-0.0913599426864,0.0795940701373
2.552,-0.0912786218735,0.0830459361336
2.553,-0.0911938540728,0.086488026221
2.554,-0.0911056491188,0.0899202230493
2.555,-0.0910140169634,0.0933424098797
2.556,-0.0909189676745,0.096754470588
2.557,-0.0908205114361,0.100156289668
2.558,-0.0907186585473,0.103547752235
2.559,-0.0906134194219,0.10692874403
2.56,-0.0905048045874,0.11029915142
2.561,-0.0903928246849,0.113658861406
2.562,-0.0902774904679,0.117007761621
2.563,-0.0901588128021,0.120345740338
2.564,-0.0900368026647,0.123672686472
2.565,-0.0899114711436,0.126988489579
2.566,-0.0897828294365,0.130293039865
2.567,-0.0896508888512,0.133586228186
2.568,-0.0895156608037,0.136867946052
2.569,-0.0893771568185,0.14013808563
2.57,-0.0892353885276,0.143396539744
2.571,-0.0890903676697,0.146643201884
2.572,-0.0889421060898,0.149877966205
2.573,-0.0887906157383,0.15310072753
2.574,-0.0886359086706,0.156311381352
2.575,-0.0884779970461,0.159509823841
2.576,-0.0883168931277,0.162695951844
2.577,-0.0881526092814,0.165869662885
2.578,-0.0879851579749,0.169030855175
2.579,-0.0878145517777,0.172179427606
2.58,-0.0876408033598,0.175315279761
2.581,-0.0874639254915,0.178438311913
2.582,-0.0872839310423,0.181548425029
2.583,-0.0871008329806,0.184645520772
2.584,-0.0869146443725,0.187729501502
2.585,-0.0867253783816,0.190800270282
2.586,-0.086533048268,0.193857730878
2.587,-0.0863376673878,0.196901787762
2.588,-0.086139249192,0.199932346114
2.589,-0.0859378072264,0.202949311827
2.59,-0.0857333551304,0.205952591504
2.591,-0.0855259066363,0.208942092468
2.592,-0.085315475569,0.211917722755
2.593,-0.0851020758448,0.214879391126
2.594,-0.0848857214709,0.217827007062
2.595,-0.0846664265448,0.220760480767
2.596,-0.0844442052532,0.223679723177
2.597,-0.0842190718717,0.226584645952
2.598,-0.0839910407637,0.229475161485
2.599,-0.0837601263801,0.232351182903
2.6,-0.083526343258,0.235212624067
2.601,-0.0832897060205,0.238059399577
2.602,-0.0830502293757,0.24089142477
2.603,-0.0828079281158,0.243708615725
2.604,-0.0825628171167,0.246510889266
2.605,-0.0823149113372,0.249298162959
2.606,-0.082064225818,0.252070355119
2.607,-0.0818107756811,0.254827384809
2.608,-0.0815545761293,0.257569171841
2.609,-0.0812956424448,0.260295636782
2.61,-0.0810339899893,0.263006700951
2.611,-0.0807696342025,0.265702286424
2.612,-0.0805025906018,0.268382316031
2.613,-0.0802328747812,0.271046713366
2.614,-0.079960502411,0.273695402778
2.615,-0.0796854892366,0.276328309383
2.616,-0.0794078510779,0.278945359056
2.617,-0.0791276038286,0.281546478441
2.618,-0.0788447634554,0.284131594945
2.619,-0.078559345997,0.286700636745
2.62,-0.0782713675638,0.289253532788
2.621,-0.0779808443368,0.291790212788
2.622,-0.0776877925668,0.294310607235
2.623,-0.0773922285738,0.29681464739
2.624,-0.0770941687461,0.299302265288
2.625,-0.0767936295397,0.301773393743
2.626,-0.0764906274773,0.304227966341
2.627,-0.0761851791475,0.306665917451
2.628,-0.0758773012045,0.309087182216
2.629,-0.0755670103666,0.311491696565
2.63,-0.075254323416,0.313879397203
2.631,-0.0749392571976,0.316250221621
2.632,-0.0746218286187,0.318604108092
2.633,-0.0743020546478,0.320940995673
2.634,-0.0739799523138,0.323260824206
2.635,-0.0736555387055,0.32556353432
2.636,-0.0733288309708,0.327849067431
2.637,-0.0729998463156,0.330117365743
2.638,-0.0726686020033,0.332368372247
2.639,-0.0723351153538,0.334602030724
2.64,-0.071999403743,0.336818285747
2.641,-0.0716614846017,0.339017082678
2.642,-0.071321375415,0.341198367669
2.643,-0.0709790937214,0.343362087668
2.644,-0.0706346571121,0.345508190413
2.645,-0.0702880832302,0.347636624435
2.646,-0.0699393897697,0.34974733906
2.647,-0.0695885944752,0.351840284408
2.648,-0.0692357151404,0.353915411394
2.649,-0.0688807696079,0.355972671727
2.65,-0.0685237757683,0.358012017913
2.651,-0.0681647515591,0.360033403254
2.652,-0.0678037149641,0.362036781847
2.653,-0.0674406840127,0.364022108588
2.654,-0.067075676779,0.365989339166
2.655,-0.0667087113809,0.367938430072
2.656,-0.0663398059797,0.36986933859
2.657,-0.0659689787786,0.371782022805
2.658,-0.0655962480225,0.373676441597
2.659,-0.0652216319973,0.375552554646
2.66,-0.0648451490284,0.377410322429
2.661,-0.0644668174805,0.379249706221
2.662,-0.0640866557566,0.381070668095
2.663,-0.0637046822973,0.382873170922
2.664,-0.0633209155799,0.384657178371
2.665,-0.0629353741176,0.386422654908
2.666,-0.0625480764586,0.3881695658
2.667,-0.0621590411858,0.389897877107
2.668,-0.0617682869154,0.39160755569
2.669,-0.0613758322962,0.393298569206
2.67,-0.0609816960092,0.394970886109
2.671,-0.0605858967664,0.396624475651
2.672,-0.0601884533103,0.398259307878
2.673,-0.0597893844128,0.399875353635
2.674,-0.0593887088747,0.401472584561
2.675,-0.0589864455245,0.403050973092
2.676,-0.0585826132183,0.404610492458
2.677,-0.058177230838,0.406151116684
2.678,-0.0577703172917,0.407672820588
2.679,-0.0573618915118,0.409175579783
2.68,-0.0569519724549,0.410659370676
2.681,-0.0565405791008,0.412124170464
2.682,-0.0561277304517,0.413569957138
2.683,-0.0557134455313,0.41499670948
2.684,-0.0552977433844,0.416404407062
2.685,-0.0548806430754,0.417793030246
2.686,-0.0544621636883,0.419162560185
2.687,-0.0540423243255,0.420512978818
2.688,-0.0536211441069,0.421844268873
2.689,-0.0531986421694,0.423156413865
2.69,-0.0527748376661,0.424449398097
2.691,-0.0523497497651,0.425723206653
2.692,-0.0519233976494,0.426977825405
2.693,-0.0514958005154,0.428213241007
2.694,-0.0510669775727,0.429429440896
2.695,-0.0506369480428,0.430626413291
2.696,-0.0502057311589,0.431804147189
2.697,-0.0497733461647,0.432962632371
2.698,-0.0493398123136,0.434101859392
2.699,-0.0489051488682,0.435221819587
2.7,-0.0484693750993,0.436322505066
2.701,-0.0480325102854,0.437403908715
2.702,-0.0475945737113,0.438466024193
2.703,-0.0471555846682,0.439508845933
2.704,-0.0467155624523,0.440532369137
2.705,-0.0462745263642,0.44153658978
2.706,-0.0458324957081,0.442521504604
2.707,-0.0453894897911,0.443487111119
2.708,-0.0449455279225,0.444433407602
2.709,-0.0445006294129,0.445360393094
2.71,-0.0440548135734,0.4462680674
2.711,-0.043608099715,0.447156431087
2.712,-0.0431605071477,0.448025485482
2.713,-0.0427120551798,0.448875232671
2.714,-0.0422627631172,0.449705675498
2.715,-0.0418126502624,0.450516817564
2.716,-0.0413617359142,0.451308663222
2.717,-0.0409100393664,0.452081217581
2.718,-0.0404575799075,0.452834486498
2.719,-0.0400043768197,0.453568476583
2.72,-0.0395504493782,0.45428319519
2.721,-0.0390958168505,0.454978650424
2.722,-0.0386404984956,0.455654851129
2.723,-0.0381845135632,0.456311806896
2.724,-0.0377278812933,0.456949528056
2.725,-0.037270620915,0.457568025679
2.726,-0.0368127516459,0.458167311571
2.727,-0.0363542926916,0.458747398275
2.728,-0.0358952632447,0.459308299068
2.729,-0.0354356824841,0.459850027958
2.73,-0.0349755695745,0.460372599681
2.731,-0.0345149436653,0.460876029705
2.732,-0.0340538238903,0.461360334219
2.733,-0.0335922293664,0.461825530141
2.734,-0.0331301791937,0.462271635106
2.735,-0.0326676924538,0.462698667471
2.736,-0.0322047882099,0.463106646311
2.737,-0.0317414855058,0.463495591417
2.738,-0.0312778033649,0.463865523291
2.739,-0.0308137607899,0.464216463149
2.74,-0.0303493767619,0.464548432914
2.741,-0.0298846702399,0.464861455217
2.742,-0.0294196601596,0.465155553394
2.743,-0.0289543654331,0.465430751482
2.744,-0.0284888049484,0.465687074221
2.745,-0.028022997568,0.465924547045
2.746,-0.0275569621289,0.466143196087
2.747,-0.0270907174415,0.466343048171
2.748,-0.0266242822891,0.466524130814
2.749,-0.026157675427,0.466686472218
2.75,-0.0256909155821,0.466830101275
2.751,-0.0252240214521,0.466955047558
2.752,-0.0247570117045,0.467061341322
2.753,-0.0242899049766,0.467149013501
2.754,-0.0238227198742,0.467218095705
2.755,-0.0233554749711,0.467268620217
2.756,-0.0228881888087,0.467300619992
2.757,-0.0224208798949,0.467314128654
2.758,-0.0219535667037,0.467309180492
2.759,-0.0214862676745,0.467285810458
2.76,-0.0210190012115,0.467244054166
2.761,-0.0205517856829,0.467183947887
2.762,-0.0200846394201,0.467105528549
2.763,-0.0196175807176,0.467008833731
2.764,-0.0191506278318,0.466893901663
2.765,-0.0186837989804,0.466760771222
2.766,-0.0182171123423,0.466609481929
2.767,-0.0177505860562,0.466440073949
2.768,-0.0172842382204,0.466252588083
2.769,-0.0168180868922,0.46604706577
2.77,-0.016352150087,0.465823549082
2.771,-0.0158864457779,0.465582080721
2.772,-0.015420991895,0.465322704017
2.773,-0.0149558063247,0.465045462926
2.774,-0.0144909069091,0.464750402023
2.775,-0.0140263114455,0.464437566504
2.776,-0.0135620376857,0.464107002181
2.777,-0.0130981033353,0.463758755477
2.778,-0.0126345260532,0.463392873428
2.779,-0.012171323451,0.463009403674
2.78,-0.0117085130924,0.462608394461
2.781,-0.0112461124923,0.462189894634
2.782,-0.0107841391169,0.461753953639
2.783,-0.0103226103821,0.461300621514
2.784,-0.00986154365401,0.460829948889
2.785,-0.00940095624746,0.460341986984
2.786,-0.00894086542589,0.459836787602
2.787,-0.00848128840063,0.459314403132
2.788,-0.00802224233035,0.458774886539
2.789,-0.00756374432043,0.458218291365
2.79,-0.00710581142246,0.457644671725
2.791,-0.00664846063359,0.457054082303
2.792,-0.00619170889604,0.45644657835
2.793,-0.00573557309648,0.455822215679
2.794,-0.00528007006548,0.455181050665
2.795,-0.00482521657697,0.454523140237
2.796,-0.00437102934767,0.453848541878
2.797,-0.00391752503653,0.453157313622
2.798,-0.00346472024421,0.45244951405
2.799,-0.00301263151251,0.451725202282
2.8,-0.00256127532384,0.450984437984
2.801,-0.00211066810066,0.450227281355
2.802,-0.00166082620501,0.449453793127
2.803,-0.00121176593787,0.448664034563
2.804,-0.000763503538743,0.447858067453
2.805,-0.000316055185058,0.447035954107
2.806,0.000130563008321,0.446197757357
2.807,0.000576334989622,0.44534354055
2.808,0.00102124477068,0.444473367547
2.809,0.00146527642743,0.443587302717
2.81,0.00190841410044,0.442685410933
2.811,0.00235064199542,0.441767757573
2.812,0.00279194438367,0.440834408511
2.813,0.00323230560265,0.439885430119
2.814,0.00367171005641,0.438920889256
2.815,0.00411014221611,0.437940853274
2.816,0.00454758662051,0.436945390006
2.817,0.00498402787645,0.435934567765
2.818,0.00541945065931,0.434908455345
2.819,0.00585383971349,0.43386712201
2.82,0.00628717985292,0.432810637495
2.821,0.00671945596147,0.431739072001
2.822,0.00715065299347,0.430652496193
2.823,0.00758075597412,0.429550981193
2.824,0.00800974999997,0.428434598579
2.825,0.0084376202394,0.427303420382
2.826,0.00886435193302,0.426157519079
2.827,0.00928993039415,0.424996967591
2.828,0.00971434100925,0.423821839281
2.829,0.0101375692384,0.422632207949
2.83,0.0105596006155,0.421428147826
2.831,0.0109804207493,0.420209733574
2.832,0.011400015323,0.418977040279
2.833,0.0118183700953,0.417730143452
2.834,0.0122354709007,0.416469119018
2.835,0.0126513036496,0.415194043318
2.836,0.0130658543291,0.413904993105
2.837,0.0134791090033,0.412602045535
2.838,0.0138910538136,0.411285278171
2.839,0.0143016749791,0.409954768971
2.84,0.014710958797,0.408610596291
2.841,0.0151188916434,0.407252838878
2.842,0.0155254599729,0.405881575866
2.843,0.0159306503197,0.404496886771
2.844,0.0163344492977,0.403098851492
2.845,0.0167368436008,0.401687550301
2.846,0.0171378200032,0.400263063844
2.847,0.0175373653603,0.398825473136
2.848,0.0179354666085,0.397374859552
2.849,0.0183321107657,0.395911304833
2.85,0.0187272849318,0.394434891071
2.851,0.019120976289,0.392945700716
2.852,0.019513172102,0.391443816562
2.853,0.0199038597186,0.38992932175
2.854,0.0202930265698,0.388402299763
2.855,0.0206806601703,0.386862834417
2.856,0.0210667481188,0.385311009865
2.857,0.0214512780984,0.383746910587
2.858,0.0218342378767,0.382170621387
2.859,0.0222156153063,0.380582227393
2.86,0.022595398325,0.378981814048
2.861,0.0229735749565,0.377369467109
2.862,0.0233501333101,0.375745272642
2.863,0.0237250615814,0.374109317017
2.864,0.0240983480526,0.372461686906
2.865,0.0244699810927,0.37080246928
2.866,0.0248399491577,0.369131751402
2.867,0.0252082407912,0.367449620822
2.868,0.0255748446244,0.365756165379
2.869,0.0259397493764,0.36405147319
2.87,0.0263029438547,0.362335632652
2.871,0.0266644169551,0.360608732434
2.872,0.0270241576626,0.358870861474
2.873,0.0273821550509,0.357122108975
2.874,0.0277383982832,0.355362564402
2.875,0.0280928766123,0.353592317477
2.876,0.0284455793807,0.351811458174
2.877,0.0287964960212,0.350020076718
2.878,0.0291456160569,0.348218263578
2.879,0.0294929291014,0.346406109464
2.88,0.0298384248591,0.344583705324
2.881,0.0301820931257,0.342751142337
2.882,0.030523923788,0.340908511913
2.883,0.0308639068243,0.339055905686
2.884,0.0312020323047,0.337193415512
2.885,0.0315382903913,0.335321133462
2.886,0.0318726713384,0.33343915182
2.887,0.0322051654926,0.331547563081
2.888,0.0325357632931,0.329646459942
2.889,0.032864455272,0.327735935303
2.89,0.0331912320542,0.32581608226
2.891,0.0335160843581,0.323886994099
2.892,0.0338390029952,0.321948764299
2.893,0.0341599788707,0.320001486519
2.894,0.0344790029836,0.318045254603
2.895,0.0347960664266,0.316080162569
2.896,0.0351111603867,0.314106304606
2.897,0.0354242761452,0.312123775074
2.898,0.0357354050778,0.310132668496
2.899,0.0360445386548,0.308133079556
2.9,0.0363516684411,0.306125103094
2.901,0.0366567860968,0.304108834101
2.902,0.0369598833768,0.302084367717
2.903,0.0372609521315,0.300051799228
2.904,0.0375599843064,0.298011224058
2.905,0.0378569719426,0.295962737766
2.906,0.0381519071768,0.293906436046
2.907,0.0384447822415,0.291842414719
2.908,0.038735589465,0.289770769729
2.909,0.0390243212717,0.287691597141
2.91,0.0393109701821,0.285604993135
2.911,0.0395955288129,0.283511054004
2.912,0.0398779898772,0.281409876149
2.913,0.0401583461845,0.279301556074
2.914,0.0404365906408,0.277186190385
2.915,0.040712716249,0.275063875781
2.916,0.0409867161084,0.272934709055
2.917,0.0412585834153,0.270798787087
2.918,0.0415283114631,0.268656206842
2.919,0.0417958936419,0.266507065364
2.92,0.0420613234391,0.264351459775
2.921,0.0423245944392,0.262189487265
2.922,0.0425857003238,0.260021245097
2.923,0.0428446348719,0.257846830594
2.924,0.04310139196,0.255666341143
2.925,0.0433559655617,0.253479874183
2.926,0.0436083497483,0.251287527208
2.927,0.0438585386886,0.24908939776
2.928,0.0441065266489,0.246885583426
2.929,0.0443523079931,0.24467618183
2.93,0.0445958771827,0.242461290638
2.931,0.044837228777,0.240241007544
2.932,0.045076357433,0.238015430272
2.933,0.0453132579054,0.235784656572
2.934,0.0455479250466,0.233548784214
2.935,0.0457803538069,0.231307910985
2.936,0.0460105392342,0.229062134684
2.937,0.0462384764745,0.226811553121
2.938,0.0464641607713,0.224556264111
2.939,0.0466875874662,0.22229636547
2.94,0.0469087519983,0.220031955011
2.941,0.0471276499049,0.217763130542
2.942,0.0473442768207,0.215489989859
2.943,0.0475586284785,0.213212630748
2.944,0.0477707007086,0.210931150972
2.945,0.0479804894394,0.208645648276
2.946,0.0481879906968,0.206356220379
2.947,0.0483932006043,0.20406296497
2.948,0.0485961153834,0.201765979706
2.949,0.048796731353,0.199465362206
2.95,0.0489950449296,0.197161210049
2.951,0.0491910526274,0.194853620771
2.952,0.049384751058,0.192542691856
2.953,0.0495761369304,0.190228520741
2.954,0.0497652070512,0.187911204805
2.955,0.0499519583242,0.185590841366
2.956,0.0501363877505,0.183267527682
2.957,0.0503184924285,0.180941360943
2.958,0.0504982695537,0.178612438269
2.959,0.0506757164188,0.176280856703
2.96,0.0508508304132,0.173946713214
2.961,0.0510236090235,0.171610104688
2.962,0.0511940498331,0.169271127924
2.963,0.0513621505222,0.166929879635
2.964,0.0515279088674,0.16458645644
2.965,0.0516913227423,0.162240954861
2.966,0.0518523901165,0.159893471322
2.967,0.0520111090564,0.157544102143
2.968,0.0521674777243,0.155192943535
2.969,0.052321494379,0.152840091602
2.97,0.0524731573751,0.150485642332
2.971,0.0526224651632,0.148129691593
2.972,0.0527694162897,0.145772335136
2.973,0.0529140093968,0.143413668584
2.974,0.053056243222,0.141053787433
2.975,0.0531961165985,0.138692787046
2.976,0.0533336284548,0.136330762652
2.977,0.0534687778142,0.133967809339
2.978,0.0536015637955,0.131604022055
2.979,0.0537319856119,0.129239495601
2.98,0.0538600425718,0.126874324627
2.981,0.0539857340779,0.124508603633
2.982,0.0541090596272,0.122142426962
2.983,0.0542300188113,0.119775888795
2.984,0.0543486113156,0.117409083153
2.985,0.0544648369197,0.115042103888
2.986,0.0545786954968,0.112675044684
2.987,0.0546901870136,0.110307999052
2.988,0.0547993115305,0.107941060323
2.989,0.054906069201,0.105574321652
2.99,0.0550104602715,0.103207876008
2.991,0.0551124850816,0.100841816176
2.992,0.0552121440633,0.0984762347477
2.993,0.0553094377414,0.0961112241243
2.994,0.0554043667326,0.0937468765092
2.995,0.055496931746,0.0913832839065
2.996,0.0555871335827,0.0890205381169
2.997,0.0556749731351,0.0866587307351
2.998,0.0557604513874,0.0842979531461
2.999,0.055843569415,0.0819382965224
3,0.0559243283844,0.0795798518204
