time,ODE_y0,ODE_y1
0,0,0
0.001,4.99932298333e-07,0.000999795860831
0.002,1.99945011169e-06,0.00199916689344
0.003,4.49811620546e-06,0.00299808828851
0.004,7.99546854621e-06,0.00399653525786
0.005,1.24910203232e-05,0.00499448303509
0.006,1.79842599704e-05,0.00599190687619
0.007,2.44746511892e-05,0.00698878206013
0.008,3.19616329718e-05,0.00798508388949
0.009,4.04446196249e-05,0.00898078769105
0.01,4.99230007945e-05,0.00997586881641
0.011,6.03961414906e-05,0.0109703026426
0.012,7.18633821135e-05,0.0119640645726
0.013,8.43240384796e-05,0.0129571300362
0.014,9.77774018486e-05,0.0139494744902
0.015,0.000112222738951,0.0149410734195
0.016,0.000127659292016,0.0159319023371
0.017,0.000144086278801,0.0169219367853
0.018,0.00016150289262,0.017911152336
0.019,0.000179908302374,0.0188995245912
0.02,0.000199301652581,0.019887029184
0.021,0.000219682063408,0.0208736417787
0.022,0.000241048630703,0.0218593380716
0.023,0.000263400426026,0.0228440937918
0.024,0.000286736496683,0.0238278847016
0.025,0.000311055865757,0.0248106865969
0.026,0.000336357532148,0.0257924753083
0.027,0.0003626404706,0.0267732267011
0.028,0.000389903631743,0.0277529166764
0.029,0.000418145942125,0.0287315211713
0.03,0.000447366304249,0.0297090161598
0.031,0.000477563596612,0.0306853776532
0.032,0.000508736673739,0.0316605817007
0.033,0.000540884366226,0.0326346043899
0.034,0.000574005480774,0.0336074218477
0.035,0.000608098800232,0.0345790102405
0.036,0.000643163083635,0.0355493457751
0.037,0.000679197066244,0.0365184046991
0.038,0.000716199459591,0.0374861633013
0.039,0.000754168951515,0.0384525979128
0.04,0.00079310420621,0.0394176849071
0.041,0.000833003864261,0.0403814007007
0.042,0.000873866542696,0.0413437217541
0.043,0.000915690835023,0.0423046245718
0.044,0.000958475311277,0.0432640857033
0.045,0.00100221851806,0.0442220817436
0.046,0.00104691897861,0.0451785893334
0.047,0.00109257519281,0.0461335851601
0.048,0.00113918563726,0.0470870459583
0.049,0.00118674876531,0.0480389485102
0.05,0.00123526300714,0.0489892696462
0.051,0.00128472676975,0.0499379862454
0.052,0.00133513843709,0.0508850752365
0.053,0.00138649637002,0.0518305135979
0.054,0.00143879890642,0.0527742783585
0.055,0.00149204436122,0.0537163465984
0.056,0.00154623102648,0.054656695449
0.057,0.00160135717139,0.055595302094
0.058,0.00165742104235,0.0565321437697
0.059,0.00171442086303,0.0574671977656
0.06,0.00177235483443,0.0584004414251
0.061,0.0018312211349,0.0593318521457
0.062,0.00189101792022,0.06026140738
0.063,0.00195174332367,0.0611890846357
0.064,0.00201339545602,0.0621148614767
0.065,0.00207597240569,0.0630387155233
0.066,0.00213947223869,0.0639606244527
0.067,0.0022038929988,0.0648805659997
0.068,0.0022692327075,0.0657985179573
0.069,0.00233548936413,0.0667144581769
0.07,0.00240266094591,0.0676283645693
0.071,0.00247074540798,0.0685402151047
0.072,0.0025397406835,0.0694499878137
0.073,0.00260964468369,0.0703576607876
0.074,0.00268045529788,0.0712632121787
0.075,0.00275217039359,0.0721666202013
0.076,0.00282478781659,0.0730678631321
0.077,0.00289830539094,0.0739669193103
0.078,0.00297272091909,0.0748637671386
0.079,0.00304803218192,0.0757583850835
0.08,0.0031242369388,0.0766507516758
0.081,0.00320133292768,0.0775408455113
0.082,0.00327931786513,0.078428645251
0.083,0.00335818944639,0.0793141296218
0.084,0.00343794534551,0.0801972774172
0.085,0.00351858321532,0.0810780674972
0.086,0.00360010068757,0.0819564787895
0.087,0.00368249537297,0.0828324902897
0.088,0.00376576486124,0.0837060810614
0.089,0.00384990672122,0.0845772302375
0.09,0.00393491850092,0.0854459170201
0.091,0.00402079772755,0.0863121206812
0.092,0.00410754190768,0.0871758205631
0.093,0.00419514852722,0.0880369960789
0.094,0.00428361505155,0.0888956267133
0.095,0.00437293892554,0.0897516920224
0.096,0.00446311757369,0.090605171635
0.097,0.00455414840014,0.0914560452524
0.098,0.00464602878879,0.0923042926493
0.099,0.00473875610332,0.093149893674
0.1,0.00483232768731,0.0939928282491
0.101,0.00492674086433,0.0948330763719
0.102,0.00502199293793,0.0956706181148
0.103,0.00511808119181,0.0965054336258
0.104,0.00521500288984,0.0973375031291
0.105,0.00531275527616,0.0981668069252
0.106,0.00541133557525,0.0989933253918
0.107,0.00551074099199,0.0998170389841
0.108,0.00561096871177,0.100637928235
0.109,0.00571201590055,0.101455973756
0.11,0.00581387970493,0.102271156238
0.111,0.00591655725226,0.103083456449
0.112,0.00602004565069,0.10389285524
0.113,0.00612434198924,0.104699333539
0.114,0.00622944333794,0.105502872357
0.115,0.00633534674782,0.106303452785
0.116,0.0064420492511,0.107101055995
0.117,0.00654954786116,0.107895663243
0.118,0.0066578395727,0.108687255864
0.119,0.00676692136181,0.10947581528
0.12,0.00687679018603,0.110261322992
0.121,0.00698744298442,0.111043760588
0.122,0.00709887667772,0.111823109739
0.123,0.00721108816834,0.112599352199
0.124,0.0073240743405,0.11337246981
0.125,0.00743783206031,0.114142444496
0.126,0.00755235817585,0.114909258269
0.127,0.00766764951724,0.115672893227
0.128,0.00778370289676,0.116433331554
0.129,0.00790051510889,0.117190555522
0.13,0.00801808293047,0.117944547489
0.131,0.00813640312069,0.118695289901
0.132,0.00825547242126,0.119442765294
0.133,0.00837528755647,0.12018695629
0.134,0.00849584523328,0.120927845603
0.135,0.00861714214138,0.121665416035
0.136,0.00873917495335,0.122399650476
0.137,0.00886194032466,0.123130531909
0.138,0.00898543489385,0.123858043407
0.139,0.00910965528255,0.124582168133
0.14,0.00923459809561,0.125302889342
0.141,0.00936025992117,0.126020190381
0.142,0.00948663733079,0.126734054688
0.143,0.00961372687948,0.127444465796
0.144,0.00974152510585,0.128151407329
0.145,0.00987002853218,0.128854863003
0.146,0.00999923366451,0.129554816631
0.147,0.0101291369927,0.130251252117
0.148,0.0102597349907,0.130944153462
0.149,0.0103910241163,0.131633504759
0.15,0.0105230008116,0.132319290198
0.151,0.0106556615028,0.133001494064
0.152,0.0107890026006,0.133680100737
0.153,0.0109230205001,0.134355094695
0.154,0.0110577115807,0.13502646051
0.155,0.0111930722066,0.135694182854
0.156,0.0113290987268,0.136358246492
0.157,0.011465787475,0.137018636291
0.158,0.0116031347697,0.137675337214
0.159,0.0117411369148,0.13832833432
0.16,0.0118797901988,0.13897761277
0.161,0.0120190908959,0.139623157822
0.162,0.0121590352651,0.140264954835
0.163,0.0122996195513,0.140902989264
0.164,0.0124408399846,0.141537246668
0.165,0.0125826927809,0.142167712704
0.166,0.0127251741415,0.142794373128
0.167,0.0128682802539,0.143417213801
0.168,0.0130120072912,0.144036220681
0.169,0.0131563514127,0.144651379831
0.17,0.0133013087636,0.145262677411
0.171,0.0134468754757,0.145870099689
0.172,0.0135930476667,0.146473633031
0.173,0.0137398214409,0.147073263906
0.174,0.0138871928892,0.147668978889
0.175,0.014035158089,0.148260764655
0.176,0.0141837131044,0.148848607983
0.177,0.0143328539864,0.149432495758
0.178,0.014482576773,0.150012414967
0.179,0.0146328774892,0.150588352703
0.18,0.014783752147,0.151160296161
0.181,0.0149351967459,0.151728232643
0.182,0.0150872072724,0.152292149557
0.183,0.015239779701,0.152852034415
0.184,0.0153929099931,0.153407874835
0.185,0.0155465940984,0.153959658541
0.186,0.0157008279539,0.154507373364
0.187,0.0158556074848,0.155051007242
0.188,0.0160109286041,0.155590548217
0.189,0.016166787213,0.156125984441
0.19,0.0163231792008,0.156657304173
0.191,0.0164801004453,0.157184495778
0.192,0.0166375468125,0.15770754773
0.193,0.016795514157,0.158226448611
0.194,0.0169539983222,0.158741187111
0.195,0.0171129951401,0.159251752029
0.196,0.0172725004314,0.159758132273
0.197,0.0174325100061,0.160260316859
0.198,0.0175930196629,0.160758294913
0.199,0.0177540251901,0.16125205567
0.2,0.017915522365,0.161741588475
0.201,0.0180775069542,0.162226882784
0.202,0.0182399747142,0.162707928162
0.203,0.0184029213908,0.163184714283
0.204,0.0185663427196,0.163657230934
0.205,0.0187302344261,0.164125468013
0.206,0.0188945922258,0.164589415527
0.207,0.019059411824,0.165049063594
0.208,0.0192246889166,0.165504402447
0.209,0.0193904191893,0.165955422426
0.21,0.0195565983186,0.166402113986
0.211,0.0197232219713,0.166844467693
0.212,0.0198902858049,0.167282474225
0.213,0.0200577854676,0.167716124372
0.214,0.0202257165985,0.168145409038
0.215,0.0203940748276,0.168570319239
0.216,0.0205628557759,0.168990846103
0.217,0.0207320550557,0.169406980873
0.218,0.0209016682707,0.169818714903
0.219,0.0210716910158,0.170226039662
0.22,0.0212421188775,0.170628946734
0.221,0.0214129474339,0.171027427812
0.222,0.021584172255,0.171421474709
0.223,0.0217557889026,0.171811079347
0.224,0.0219277929303,0.172196233765
0.225,0.0221001798841,0.172576930117
0.226,0.0222729453019,0.172953160668
0.227,0.0224460847143,0.173324917803
0.228,0.0226195936439,0.173692194017
0.229,0.0227934676062,0.174054981922
0.23,0.0229677021092,0.174413274246
0.231,0.0231422926538,0.17476706383
0.232,0.0233172347336,0.175116343634
0.233,0.0234925238355,0.175461106729
0.234,0.0236681554392,0.175801346306
0.235,0.023844125018,0.176137055668
0.236,0.0240204280383,0.176468228236
0.237,0.0241970599601,0.176794857548
0.238,0.0243740162369,0.177116937256
0.239,0.024551292316,0.177434461129
0.24,0.0247288836385,0.177747423052
0.241,0.0249067856394,0.178055817029
0.242,0.0250849937479,0.178359637176
0.243,0.0252635033872,0.178658877729
0.244,0.0254423099749,0.178953533041
0.245,0.025621408923,0.17924359758
0.246,0.025800795638,0.179529065932
0.247,0.0259804655211,0.179809932799
0.248,0.0261604139681,0.180086193002
0.249,0.0263406363698,0.180357841478
0.25,0.0265211281121,0.180624873282
0.251,0.0267018845759,0.180887283584
0.252,0.0268829011372,0.181145067675
0.253,0.0270641731676,0.181398220962
0.254,0.0272456960341,0.181646738968
0.255,0.027427465099,0.181890617336
0.256,0.0276094757208,0.182129851825
0.257,0.0277917232533,0.182364438314
0.258,0.0279742030467,0.182594372797
0.259,0.028156910447,0.182819651387
0.26,0.0283398407963,0.183040270317
0.261,0.0285229894332,0.183256225934
0.262,0.0287063516925,0.183467514706
0.263,0.0288899229058,0.183674133219
0.264,0.0290736984011,0.183876078175
0.265,0.0292576735032,0.184073346396
0.266,0.029441843534,0.184265934822
0.267,0.029626203812,0.184453840511
0.268,0.0298107496531,0.184637060638
0.269,0.0299954763705,0.184815592498
0.27,0.0301803792745,0.184989433503
0.271,0.0303654536731,0.185158581184
0.272,0.0305506948716,0.18532303319
0.273,0.0307360981735,0.185482787289
0.274,0.0309216588795,0.185637841366
0.275,0.0311073722889,0.185788193426
0.276,0.0312932336984,0.185933841591
0.277,0.0314792384035,0.186074784101
0.278,0.0316653816975,0.186211019316
0.279,0.0318516588725,0.186342545713
0.28,0.0320380652189,0.186469361888
0.281,0.0322245960258,0.186591466554
0.282,0.0324112465811,0.186708858544
0.283,0.0325980121716,0.186821536808
0.284,0.0327848880831,0.186929500415
0.285,0.0329718696006,0.187032748552
0.286,0.0331589520082,0.187131280524
0.287,0.0333461305894,0.187225095755
0.288,0.0335334006273,0.187314193785
0.289,0.0337207574045,0.187398574274
0.29,0.0339081962033,0.187478237001
0.291,0.0340957123058,0.18755318186
0.292,0.0342833009944,0.187623408864
0.293,0.034470957551,0.187688918146
0.294,0.0346586772582,0.187749709955
0.295,0.0348464553985,0.187805784657
0.296,0.0350342872553,0.187857142738
0.297,0.035222168112,0.187903784801
0.298,0.0354100932531,0.187945711565
0.299,0.0355980579636,0.187982923868
0.3,0.0357860575297,0.188015422665
0.301,0.0359740872382,0.18804320903
0.302,0.0361621423773,0.188066284153
0.303,0.0363502182365,0.188084649339
0.304,0.0365383101065,0.188098306016
0.305,0.0367264132795,0.188107255723
0.306,0.0369145230495,0.18811150012
0.307,0.0371026347119,0.188111040982
0.308,0.0372907435642,0.188105880201
0.309,0.0374788449058,0.188096019788
0.31,0.037666934038,0.188081461868
0.311,0.0378550062644,0.188062208684
0.312,0.038043056891,0.188038262594
0.313,0.0382310812261,0.188009626074
0.314,0.0384190745806,0.187976301715
0.315,0.0386070322678,0.187938292225
0.316,0.0387949496042,0.187895600428
0.317,0.0389828219089,0.187848229264
0.318,0.039170644504,0.187796181787
0.319,0.0393584127148,0.18773946117
0.32,0.0395461218697,0.187678070697
0.321,0.0397337673007,0.187612013773
0.322,0.0399213443429,0.187541293913
0.323,0.0401088483354,0.18746591475
0.324,0.0402962746206,0.187385880033
0.325,0.0404836185449,0.187301193622
0.326,0.0406708754586,0.187211859495
0.327,0.040858040716,0.187117881744
0.328,0.0410451096756,0.187019264575
0.329,0.0412320777001,0.186916012308
0.33,0.0414189401567,0.186808129378
0.331,0.0416056924168,0.186695620332
0.332,0.0417923298568,0.186578489833
0.333,0.0419788478576,0.186456742658
0.334,0.0421652418049,0.186330383695
0.335,0.0423515070894,0.186199417947
0.336,0.0425376391069,0.18606385053
0.337,0.0427236332583,0.185923686673
0.338,0.0429094849499,0.185778931718
0.339,0.0430951895932,0.185629591117
0.34,0.0432807426054,0.185475670439
0.341,0.0434661394093,0.185317175362
0.342,0.0436513754333,0.185154111677
0.343,0.0438364461117,0.184986485288
0.344,0.0440213468849,0.184814302207
0.345,0.0442060731993,0.184637568562
0.346,0.0443906205073,0.18445629059
0.347,0.0445749842678,0.184270474639
0.348,0.044759159946,0.184080127168
0.349,0.0449431430138,0.183885254748
0.35,0.0451269289494,0.183685864059
0.351,0.0453105132381,0.183481961892
0.352,0.0454938913717,0.183273555146
0.353,0.0456770588492,0.183060650834
0.354,0.0458600111765,0.182843256075
0.355,0.0460427438669,0.182621378098
0.356,0.0462252524408,0.182395024243
0.357,0.0464075324259,0.182164201958
0.358,0.0465895793577,0.181928918797
0.359,0.0467713887791,0.181689182428
0.36,0.0469529562408,0.181445000622
0.361,0.0471342773012,0.18119638126
0.362,0.0473153475268,0.180943332332
0.363,0.047496162492,0.180685861935
0.364,0.0476767177795,0.180423978271
0.365,0.0478570089802,0.180157689651
0.366,0.0480370316933,0.179887004494
0.367,0.0482167815266,0.179611931322
0.368,0.0483962540962,0.179332478767
0.369,0.0485754450272,0.179048655564
0.37,0.0487543499534,0.178760470556
0.371,0.0489329645174,0.17846793269
0.372,0.0491112843708,0.178171051019
0.373,0.0492893051745,0.177869834701
0.374,0.0494670225984,0.177564292997
0.375,0.0496444323218,0.177254435276
0.376,0.0498215300335,0.176940271007
0.377,0.0499983114315,0.176621809766
0.378,0.0501747722239,0.176299061231
0.379,0.0503509081281,0.175972035184
0.38,0.0505267148717,0.175640741509
0.381,0.0507021881919,0.175305190193
0.382,0.0508773238362,0.174965391327
0.383,0.0510521175621,0.174621355103
0.384,0.0512265651374,0.174273091813
0.385,0.0514006623402,0.173920611854
0.386,0.0515744049591,0.173563925723
0.387,0.0517477887931,0.173203044015
0.388,0.0519208096521,0.17283797743
0.389,0.0520934633566,0.172468736767
0.39,0.0522657457379,0.172095332923
0.391,0.0524376526384,0.171717776896
0.392,0.0526091799114,0.171336079785
0.393,0.0527803234213,0.170950252785
0.394,0.0529510790441,0.170560307193
0.395,0.0531214426667,0.170166254402
0.396,0.0532914101876,0.169768105903
0.397,0.0534609775171,0.169365873287
0.398,0.0536301405767,0.168959568241
0.399,0.0537988953,0.168549202548
0.4,0.0539672376322,0.16813478809
0.401,0.0541351635306,0.167716336844
0.402,0.0543026689644,0.167293860885
0.403,0.0544697499149,0.16686737238
0.404,0.0546364023757,0.166436883595
0.405,0.0548026223527,0.16600240689
0.406,0.0549684058643,0.165563954719
0.407,0.0551337489412,0.165121539632
0.408,0.0552986476268,0.16467517427
0.409,0.0554630979772,0.164224871372
0.41,0.0556270960613,0.163770643767
0.411,0.0557906379608,0.163312504377
0.412,0.0559537197705,0.162850466219
0.413,0.056116337598,0.1623845424
0.414,0.0562784875645,0.16191474612
0.415,0.0564401658039,0.161441090671
0.416,0.0566013684639,0.160963589434
0.417,0.0567620917053,0.160482255882
0.418,0.0569223317027,0.15999710358
0.419,0.0570820846441,0.15950814618
0.42,0.0572413467313,0.159015397427
0.421,0.0574001141798,0.158518871151
0.422,0.057558383219,0.158018581276
0.423,0.0577161500925,0.15751454181
0.424,0.0578734110575,0.157006766852
0.425,0.0580301623857,0.156495270587
0.426,0.058186400363,0.155980067288
0.427,0.0583421212894,0.155461171316
0.428,0.0584973214795,0.154938597117
0.429,0.0586519972624,0.154412359223
0.43,0.0588061449816,0.153882472253
0.431,0.0589597609955,0.153348950912
0.432,0.0591128416769,0.152811809987
0.433,0.0592653834139,0.152271064352
0.434,0.059417382609,0.151726728964
0.435,0.0595688356802,0.151178818866
0.436,0.0597197390602,0.15062734918
0.437,0.0598700891971,0.150072335116
0.438,0.0600198825541,0.149513791963
0.439,0.0601691156098,0.148951735093
0.44,0.0603177848582,0.148386179959
0.441,0.0604658868088,0.147817142098
0.442,0.0606134179867,0.147244637124
0.443,0.0607603749326,0.146668680734
0.444,0.0609067542029,0.146089288705
0.445,0.0610525523701,0.145506476891
0.446,0.0611977660221,0.144920261229
0.447,0.0613423917632,0.144330657732
0.448,0.0614864262137,0.143737682492
0.449,0.0616298660097,0.143141351679
0.45,0.0617727078039,0.142541681539
0.451,0.0619149482651,0.141938688397
0.452,0.0620565840785,0.141332388655
0.453,0.0621976119457,0.140722798787
0.454,0.0623380285849,0.140109935348
0.455,0.0624778307308,0.139493814965
0.456,0.0626170151347,0.13887445434
0.457,0.0627555785649,0.138251870249
0.458,0.0628935178064,0.137626079544
0.459,0.0630308296608,0.136997099149
0.46,0.0631675109471,0.13636494606
0.461,0.063303558501,0.135729637347
0.462,0.0634389691756,0.135091190151
0.463,0.0635737398409,0.134449621685
0.464,0.0637078673843,0.133804949234
0.465,0.0638413487105,0.133157190153
0.466,0.0639741807416,0.132506361867
0.467,0.064106360417,0.13185248187
0.468,0.0642378846939,0.131195567727
0.469,0.064368750547,0.13053563707
0.47,0.0644989549684,0.129872707602
0.471,0.0646284949685,0.12920679709
0.472,0.0647573675749,0.128537923372
0.473,0.0648855698334,0.127866104351
0.474,0.0650130988078,0.127191357998
0.475,0.0651399515797,0.126513702348
0.476,0.0652661252488,0.125833155502
0.477,0.065391616933,0.125149735627
0.478,0.0655164237684,0.124463460954
0.479,0.0656405429094,0.123774349779
0.48,0.0657639715286,0.123082420459
0.481,0.0658867068171,0.122387691417
0.482,0.0660087459844,0.121690181137
0.483,0.0661300862585,0.120989908166
0.484,0.066250724886,0.120286891111
0.485,0.0663706591322,0.119581148642
0.486,0.066489886281,0.118872699488
0.487,0.0666084036352,0.118161562441
0.488,0.0667262085162,0.11744775635
0.489,0.0668432982645,0.116731300123
0.49,0.0669596702394,0.116012212729
0.491,0.0670753218193,0.115290513193
0.492,0.0671902504015,0.114566220598
0.493,0.0673044534025,0.113839354086
0.494,0.0674179282581,0.113109932853
0.495,0.067530672423,0.112377976154
0.496,0.0676426833716,0.111643503297
0.497,0.0677539585974,0.110906533647
0.498,0.0678644956131,0.110167086622
0.499,0.0679742919513,0.109425181697
0.5,0.0680833451637,0.108680838397
0.501,0.0681916528218,0.107934076303
0.502,0.0682992125166,0.107184915048
0.503,0.0684060218588,0.106433374316
0.504,0.0685120784787,0.105679473843
0.505,0.0686173800265,0.104923233417
0.506,0.0687219241721,0.104164672876
0.507,0.0688257086055,0.103403812108
0.508,0.0689287310363,0.10264067105
0.509,0.0690309891942,0.101875269689
0.51,0.0691324808289,0.101107628061
0.511,0.0692332037102,0.100337766248
0.512,0.069333155628,0.0995657043803
0.513,0.0694323343923,0.0987914626363
0.514,0.0695307378334,0.0980150612396
0.515,0.0696283638017,0.0972365204599
0.516,0.069725210168,0.0964558606124
0.517,0.0698212748234,0.0956731020571
0.518,0.0699165556793,0.0948882651984
0.519,0.0700110506678,0.0941013704843
0.52,0.0701047577412,0.0933124384062
0.521,0.0701976748723,0.0925214894983
0.522,0.0702898000547,0.0917285443367
0.523,0.0703811313025,0.0909336235396
0.524,0.0704716666502,0.090136747766
0.525,0.0705614041532,0.0893379377155
0.526,0.0706503418877,0.088537214128
0.527,0.0707384779506,0.0877345977828
0.528,0.0708258104593,0.0869301094982
0.529,0.0709123375525,0.0861237701309
0.53,0.0709980573895,0.0853156005756
0.531,0.0710829681506,0.0845056217645
0.532,0.071167068037,0.0836938546664
0.533,0.0712503552708,0.0828803202866
0.534,0.0713328280955,0.0820650396662
0.535,0.0714144847751,0.0812480338814
0.536,0.0714953235952,0.0804293240431
0.537,0.0715753428622,0.0796089312964
0.538,0.0716545409039,0.0787868768201
0.539,0.071732916069,0.0779631818258
0.54,0.0718104667278,0.0771378675579
0.541,0.0718871912715,0.0763109552927
0.542,0.0719630881128,0.0754824663379
0.543,0.0720381556857,0.074652422032
0.544,0.0721123924455,0.073820843744
0.545,0.072185796869,0.0729877528726
0.546,0.0722583674542,0.0721531708457
0.547,0.0723301027208,0.0713171191201
0.548,0.0724010012097,0.0704796191806
0.549,0.0724710614836,0.0696406925397
0.55,0.0725402821264,0.0688003607367
0.551,0.0726086617439,0.0679586453378
0.552,0.0726761989631,0.0671155679349
0.553,0.0727428924329,0.0662711501453
0.554,0.0728087408238,0.0654254136113
0.555,0.0728737428278,0.0645783799994
0.556,0.0729378971587,0.0637300709999
0.557,0.0730012025519,0.0628805083263
0.558,0.0730636577647,0.0620297137147
0.559,0.0731252615759,0.0611777089235
0.56,0.0731860127864,0.0603245157323
0.561,0.0732459102185,0.059470155942
0.562,0.0733049527167,0.0586146513737
0.563,0.073363139147,0.0577580238687
0.564,0.0734204683974,0.0569002952873
0.565,0.0734769393778,0.0560414875087
0.566,0.07353255102,0.0551816224305
0.567,0.0735873022775,0.0543207219677
0.568,0.0736411921261,0.0534588080526
0.569,0.0736942195631,0.0525959026339
0.57,0.0737463836082,0.0517320276766
0.571,0.0737976833026,0.0508672051607
0.572,0.07384811771,0.0500014570814
0.573,0.0738976859156,0.0491348054483
0.574,0.073946387027,0.0482672722846
0.575,0.0739942201737,0.0473988796268
0.576,0.0740411845071,0.046529649524
0.577,0.0740872792009,0.0456596040376
0.578,0.0741325034508,0.0447887652403
0.579,0.0741768564743,0.0439171552159
0.58,0.0742203375115,0.0430447960588
0.581,0.0742629458241,0.0421717098731
0.582,0.0743046806963,0.0412979187724
0.583,0.0743455414341,0.0404234448788
0.584,0.0743855273658,0.0395483103229
0.585,0.0744246378419,0.0386725372429
0.586,0.0744628722348,0.0377961477839
0.587,0.0745002299394,0.0369191640979
0.588,0.0745367103723,0.0360416083426
0.589,0.0745723129727,0.0351635026812
0.59,0.0746070372018,0.0342848692819
0.591,0.0746408825428,0.0334057303172
0.592,0.0746738485013,0.0325261079632
0.593,0.074705934605,0.0316460243994
0.594,0.0747371404037,0.0307655018079
0.595,0.0747674654696,0.0298845623728
0.596,0.0747969093969,0.0290032282799
0.597,0.0748254718021,0.028121521716
0.598,0.0748531523236,0.0272394648682
0.599,0.0748799506224,0.0263570799236
0.6,0.0749058663815,0.0254743890685
0.601,0.074930899306,0.024591414488
0.602,0.0749550491233,0.0237081783657
0.603,0.0749783155829,0.0228247028824
0.604,0.0750006984567,0.0219410102164
0.605,0.0750221975384,0.0210571225424
0.606,0.0750428126441,0.020173062031
0.607,0.0750625436122,0.0192888508485
0.608,0.075081390303,0.0184045111558
0.609,0.0750993525991,0.0175200651085
0.61,0.0751164304051,0.0166355348558
0.611,0.0751326236481,0.01575094254
0.612,0.0751479322769,0.0148663102965
0.613,0.0751623562627,0.0139816602524
0.614,0.0751758955988,0.0130970145267
0.615,0.0751885503006,0.0122123952293
0.616,0.0752003204055,0.0113278244606
0.617,0.0752112059731,0.0104433243112
0.618,0.075221207085,0.00955891686064
0.619,0.075230323845,0.00867462417773
0.62,0.075238556379,0.00779046831937
0.621,0.0752459048346,0.00690647133028
0.622,0.0752523693819,0.00602265524237
0.623,0.0752579502128,0.00513904207425
0.624,0.0752626475411,0.00425565383062
0.625,0.0752664616027,0.00337251250178
0.626,0.0752693926557,0.00248964006305
0.627,0.0752714409798,0.00160705847425
0.628,0.0752726068769,0.00072478967915
0.629,0.0752728906707,-0.000157144395088
0.63,0.075272292707,-0.00103872183843
0.631,0.0752708133532,-0.0019199207585
0.632,0.0752684529989,-0.00280071928118
0.633,0.0752652120554,-0.00368109555107
0.634,0.0752610909559,-0.00456102773208
0.635,0.0752560901553,-0.00544049400794
0.636,0.0752502101304,-0.00631947258278
0.637,0.0752434513799,-0.0071979416816
0.638,0.0752358144241,-0.00807587955086
0.639,0.0752272998051,-0.00895326445902
0.64,0.0752179080868,-0.009830074697
0.641,0.0752076398545,-0.0107062885788
0.642,0.0751964957156,-0.011581884442
0.643,0.0751844762989,-0.0124568406483
0.644,0.0751715822547,-0.013331135584
0.645,0.0751578142553,-0.0142047476607
0.646,0.0751431729942,-0.0150776553154
0.647,0.0751276591867,-0.0159498370117
0.648,0.0751112735694,-0.0168212712397
0.649,0.0750940169005,-0.0176919365169
0.65,0.0750758899598,-0.0185618113886
0.651,0.0750568935484,-0.0194308744284
0.652,0.0750370284887,-0.0202991042388
0.653,0.0750162956247,-0.0211664794517
0.654,0.0749946958218,-0.0220329787288
0.655,0.0749722299664,-0.0228985807623
0.656,0.0749488989664,-0.0237632642754
0.657,0.0749247037511,-0.0246270080227
0.658,0.0748996452707,-0.0254897907908
0.659,0.0748737244969,-0.0263515913988
0.66,0.0748469424223,-0.0272123886988
0.661,0.074819300061,-0.0280721615765
0.662,0.0747907984477,-0.0289308889515
0.663,0.0747614386386,-0.0297885497782
0.664,0.0747312217107,-0.030645123046
0.665,0.074700148762,-0.0315005877796
0.666,0.0746682209116,-0.0323549230402
0.667,0.0746354392994,-0.0332081079255
0.668,0.0746018050861,-0.03406012157
0.669,0.0745673194536,-0.0349109431463
0.67,0.0745319836041,-0.0357605518647
0.671,0.0744957987611,-0.0366089269745
0.672,0.0744587661683,-0.0374560477639
0.673,0.0744208870905,-0.0383018935607
0.674,0.0743821628131,-0.0391464437329
0.675,0.0743425946418,-0.0399896776894
0.676,0.0743021839033,-0.0408315748797
0.677,0.0742609319445,-0.0416721147954
0.678,0.0742188401329,-0.04251127697
0.679,0.0741759098566,-0.0433490409797
0.68,0.0741321425238,-0.0441853864437
0.681,0.0740875395633,-0.045020293025
0.682,0.0740421024242,-0.0458537404305
0.683,0.0739958325756,-0.0466857084119
0.684,0.0739487315072,-0.0475161767657
0.685,0.0739008007287,-0.0483451253342
0.686,0.0738520417698,-0.0491725340056
0.687,0.0738024561807,-0.0499983827149
0.688,0.0737520455311,-0.0508226514436
0.689,0.0737008114111,-0.0516453202213
0.69,0.0736487554306,-0.0524663691252
0.691,0.0735958792194,-0.0532857782809
0.692,0.0735421844272,-0.0541035278633
0.693,0.0734876727235,-0.0549195980963
0.694,0.0734323457974,-0.055733969254
0.695,0.0733762053579,-0.0565466216606
0.696,0.0733192531335,-0.0573575356914
0.697,0.0732614908725,-0.0581666917728
0.698,0.0732029203425,-0.058974070383
0.699,0.0731435433307,-0.0597796520525
0.7,0.0730833616438,-0.0605834173645
0.701,0.0730223771079,-0.0613853469552
0.702,0.0729605915683,-0.0621854215146
0.703,0.0728980068896,-0.0629836217868
0.704,0.0728346249558,-0.0637799285703
0.705,0.07277044767,-0.0645743227188
0.706,0.0727054769543,-0.0653667851413
0.707,0.07263971475,-0.0661572968027
0.708,0.0725731630173,-0.0669458387245
0.709,0.0725058237354,-0.0677323919849
0.71,0.0724376989025,-0.0685169377191
0.711,0.0723687905354,-0.0692994571205
0.712,0.07229910067,-0.0700799314404
0.713,0.0722286313605,-0.0708583419887
0.714,0.0721573846801,-0.0716346701344
0.715,0.0720853627205,-0.072408897306
0.716,0.072012567592,-0.0731810049921
0.717,0.0719390014232,-0.0739509747413
0.718,0.0718646663613,-0.0747187881635
0.719,0.0717895645718,-0.0754844269294
0.72,0.0717136982384,-0.0762478727717
0.721,0.0716370695633,-0.0770091074851
0.722,0.0715596807665,-0.0777681129268
0.723,0.0714815340865,-0.078524871017
0.724,0.0714026317796,-0.0792793637394
0.725,0.0713229761202,-0.0800315731415
0.726,0.0712425694004,-0.0807814813349
0.727,0.0711614139305,-0.081529070496
0.728,0.0710795120384,-0.0822743228664
0.729,0.0709968660696,-0.0830172207529
0.73,0.0709134783876,-0.0837577465286
0.731,0.0708293513731,-0.0844958826326
0.732,0.0707444874247,-0.085231611571
0.733,0.0706588889582,-0.0859649159169
0.734,0.0705725584068,-0.086695778311
0.735,0.0704854982213,-0.0874241814622
0.736,0.0703977108694,-0.0881501081474
0.737,0.0703091988362,-0.0888735412126
0.738,0.0702199646239,-0.0895944635728
0.739,0.0701300107516,-0.0903128582128
0.74,0.0700393397557,-0.0910287081871
0.741,0.0699479541891,-0.0917419966208
0.742,0.0698558566219,-0.0924527067097
0.743,0.0697630496407,-0.0931608217207
0.744,0.069669535849,-0.0938663249925
0.745,0.0695753178668,-0.0945691999354
0.746,0.0694803983308,-0.0952694300322
0.747,0.0693847798939,-0.0959669988385
0.748,0.0692884652257,-0.0966618899829
0.749,0.0691914570119,-0.0973540871675
0.75,0.0690937579547,-0.0980435741681
0.751,0.0689953707723,-0.098730334835
0.752,0.0688962981992,-0.0994143530929
0.753,0.0687965429856,-0.100095612942
0.754,0.0686961078981,-0.100774098456
0.755,0.0685949957188,-0.101449793787
0.756,0.0684932092458,-0.102122683162
0.757,0.068390751293,-0.102792750884
0.758,0.0682876246898,-0.103459981332
0.759,0.0681838322813,-0.104124358965
0.76,0.068079376928,-0.104785868317
0.761,0.0679742615059,-0.105444494001
0.762,0.0678684889063,-0.106100220707
0.763,0.0677620620359,-0.106753033206
0.764,0.0676549838164,-0.107402916345
0.765,0.0675472571847,-0.108049855053
0.766,0.0674388850927,-0.108693834336
0.767,0.0673298705074,-0.109334839282
0.768,0.0672202164106,-0.109972855059
0.769,0.0671099257986,-0.110607866915
0.77,0.0669990016829,-0.111239860179
0.771,0.0668874470893,-0.111868820261
0.772,0.0667752650583,-0.112494732655
0.773,0.0666624586447,-0.113117582933
0.774,0.0665490309179,-0.113737356753
0.775,0.0664349849615,-0.114354039854
0.776,0.0663203238732,-0.114967618057
0.777,0.066205050765,-0.115578077269
0.778,0.066089168763,-0.116185403477
0.779,0.065972681007,-0.116789582756
0.78,0.0658555906511,-0.117390601261
0.781,0.0657379008627,-0.117988445235
0.782,0.0656196148233,-0.118583101005
0.783,0.065500735728,-0.11917455498
0.784,0.0653812667851,-0.11976279366
0.785,0.0652612112169,-0.120347803627
0.786,0.0651405722586,-0.120929571549
0.787,0.0650193531589,-0.121508084182
0.788,0.0648975571797,-0.122083328368
0.789,0.064775187596,-0.122655291036
0.79,0.0646522476958,-0.123223959202
0.791,0.06452874078,-0.123789319969
0.792,0.0644046701626,-0.12435136053
0.793,0.06428003917,-0.124910068163
0.794,0.0641548511414,-0.125465430238
0.795,0.0640291094289,-0.12601743421
0.796,0.0639028173965,-0.126566067625
0.797,0.0637759784213,-0.127111318119
0.798,0.063648595892,-0.127653173415
0.799,0.0635206732102,-0.128191621328
0.8,0.0633922137892,-0.128726649761
0.801,0.0632632210545,-0.129258246711
0.802,0.0631336984436,-0.12978640026
0.803,0.0630036494058,-0.130311098586
0.804,0.0628730774021,-0.130832329956
0.805,0.0627419859054,-0.131350082727
0.806,0.0626103784,-0.13186434535
0.807,0.0624782583819,-0.132375106367
0.808,0.0623456293583,-0.132882354411
0.809,0.0622124948478,-0.133386078209
0.81,0.0620788583803,-0.133886266579
0.811,0.0619447234968,-0.134382908434
0.812,0.0618100937493,-0.134875992778
0.813,0.0616749727007,-0.135365508709
0.814,0.061539363925,-0.135851445419
0.815,0.0614032710066,-0.136333792193
0.816,0.0612666975408,-0.136812538411
0.817,0.0611296471334,-0.137287673546
0.818,0.0609921234008,-0.137759187167
0.819,0.0608541299697,-0.138227068936
0.82,0.060715670477,-0.138691308612
0.821,0.0605767485699,-0.139151896047
0.822,0.0604373679057,-0.139608821189
0.823,0.0602975321516,-0.140062074082
0.824,0.0601572449849,-0.140511644867
0.825,0.0600165100925,-0.140957523777
0.826,0.0598753311712,-0.141399701145
0.827,0.0597337119273,-0.1418381674
0.828,0.0595916560766,-0.142272913066
0.829,0.0594491673445,-0.142703928763
0.83,0.0593062494655,-0.143131205212
0.831,0.0591629061835,-0.143554733227
0.832,0.0590191412515,-0.143974503722
0.833,0.0588749584316,-0.144390507707
0.834,0.0587303614946,-0.14480273629
0.835,0.0585853542204,-0.145211180678
0.836,0.0584399403975,-0.145615832174
0.837,0.0582941238232,-0.146016682182
0.838,0.0581479083032,-0.146413722203
0.839,0.0580012976516,-0.146806943836
0.84,0.0578542956911,-0.14719633878
0.841,0.0577069062523,-0.147581898832
0.842,0.0575591331744,-0.147963615889
0.843,0.0574109803042,-0.148341481946
0.844,0.0572624514968,-0.1487154891
0.845,0.0571135506149,-0.149085629545
0.846,0.0569642815292,-0.149451895575
0.847,0.0568146481178,-0.149814279586
0.848,0.0566646542665,-0.150172774073
0.849,0.0565143038686,-0.150527371629
0.85,0.0563636008247,-0.150878064951
0.851,0.0562125490425,-0.151224846834
0.852,0.0560611524372,-0.151567710174
0.853,0.0559094149307,-0.15190664797
0.854,0.0557573404521,-0.152241653319
0.855,0.0556049329372,-0.15257271942
0.856,0.0554521963286,-0.152899839574
0.857,0.0552991345755,-0.153223007182
0.858,0.0551457516339,-0.153542215748
0.859,0.0549920514659,-0.153857458876
0.86,0.05483803804,-0.154168730273
0.861,0.0546837153313,-0.154476023747
0.862,0.0545290873206,-0.154779333208
0.863,0.0543741579949,-0.155078652667
0.864,0.0542189313472,-0.15537397624
0.865,0.0540634113763,-0.155665298143
0.866,0.0539076020867,-0.155952612694
0.867,0.0537515074885,-0.156235914315
0.868,0.0535951315975,-0.156515197529
0.869,0.0534384784347,-0.156790456962
0.87,0.0532815520266,-0.157061687345
0.871,0.0531243564048,-0.157328883508
0.872,0.052966895606,-0.157592040387
0.873,0.0528091736721,-0.157851153019
0.874,0.0526511946497,-0.158106216546
0.875,0.0524929625903,-0.158357226211
0.876,0.0523344815501,-0.158604177361
0.877,0.0521757555899,-0.158847065447
0.878,0.0520167887751,-0.159085886023
0.879,0.0518575851752,-0.159320634747
0.88,0.0516981488643,-0.159551307378
0.881,0.0515384839205,-0.159777899783
0.882,0.0513785944261,-0.160000407928
0.883,0.0512184844674,-0.160218827885
0.884,0.0510581581344,-0.160433155831
0.885,0.050897619521,-0.160643388045
0.886,0.0507368727247,-0.160849520909
0.887,0.0505759218468,-0.161051550911
0.888,0.0504147709917,-0.161249474641
0.889,0.0502534242674,-0.161443288796
0.89,0.050091885785,-0.161632990174
0.891,0.049930159659,-0.161818575678
0.892,0.0497682500066,-0.162000042316
0.893,0.0496061609483,-0.162177387199
0.894,0.0494438966071,-0.162350607543
0.895,0.0492814611089,-0.162519700668
0.896,0.0491188585823,-0.162684663997
0.897,0.0489560931583,-0.162845495059
0.898,0.0487931689704,-0.163002191487
0.899,0.0486300901543,-0.163154751017
0.9,0.0484668608481,-0.163303171492
0.901,0.0483034851917,-0.163447450855
0.902,0.0481399673274,-0.163587587158
0.903,0.0479763113991,-0.163723578554
0.904,0.0478125215525,-0.163855423302
0.905,0.0476486019352,-0.163983119765
0.906,0.0474845566962,-0.164106666409
0.907,0.0473203899861,-0.164226061807
0.908,0.0471561059568,-0.164341304635
0.909,0.0469917087615,-0.164452393672
0.91,0.0468272025545,-0.164559327804
0.911,0.0466625914912,-0.164662106018
0.912,0.046497879728,-0.164760727409
0.913,0.0463330714222,-0.164855191172
0.914,0.0461681707318,-0.164945496611
0.915,0.0460031818153,-0.165031643131
0.916,0.045838108832,-0.165113630242
0.917,0.0456729559414,-0.165191457557
0.918,0.0455077273036,-0.165265124796
0.919,0.0453424270786,-0.165334631781
0.92,0.0451770594268,-0.165399978437
0.921,0.0450116285085,-0.165461164797
0.922,0.0448461384839,-0.165518190993
0.923,0.0446805935132,-0.165571057265
0.924,0.0445149977559,-0.165619763954
0.925,0.0443493553716,-0.165664311508
0.926,0.0441836705191,-0.165704700474
0.927,0.0440179473567,-0.165740931508
0.928,0.0438521900418,-0.165773005367
0.929,0.0436864027314,-0.16580092291
0.93,0.0435205895811,-0.165824685104
0.931,0.0433547547459,-0.165844293015
0.932,0.0431889023795,-0.165859747814
0.933,0.0430230366342,-0.165871050777
0.934,0.0428571616614,-0.165878203282
0.935,0.0426912816107,-0.165881206809
0.936,0.0425254006303,-0.165880062942
0.937,0.0423595228667,-0.165874773369
0.938,0.0421936524648,-0.165865339881
0.939,0.0420277935676,-0.165851764369
0.94,0.0418619503161,-0.16583404883
0.941,0.0416961268493,-0.165812195362
0.942,0.041530327304,-0.165786206167
0.943,0.0413645558147,-0.165756083547
0.944,0.0411988165139,-0.16572182991
0.945,0.0410331135311,-0.165683447762
0.946,0.0408674509936,-0.165640939715
0.947,0.0407018330261,-0.165594308481
0.948,0.0405362637501,-0.165543556875
0.949,0.0403707472848,-0.165488687812
0.95,0.040205287746,-0.165429704312
0.951,0.0400398892466,-0.165366609493
0.952,0.0398745558964,-0.165299406577
0.953,0.0397092918017,-0.165228098887
0.954,0.0395441010657,-0.165152689846
0.955,0.039378987788,-0.16507318298
0.956,0.0392139560645,-0.164989581915
0.957,0.0390490099876,-0.164901890377
0.958,0.038884153646,-0.164810112195
0.959,0.0387193911242,-0.164714251296
0.96,0.0385547265029,-0.16461431171
0.961,0.0383901638589,-0.164510297565
0.962,0.0382257072646,-0.164402213091
0.963,0.0380613607881,-0.164290062617
0.964,0.0378971284932,-0.164173850573
0.965,0.0377330144393,-0.164053581488
0.966,0.037569022681,-0.16392925999
0.967,0.0374051572685,-0.163800890807
0.968,0.0372414222471,-0.163668478766
0.969,0.037077821657,-0.163532028795
0.97,0.0369143595338,-0.163391545917
0.971,0.0367510399077,-0.163247035259
0.972,0.0365878668041,-0.163098502042
0.973,0.0364248442427,-0.162945951588
0.974,0.0362619762382,-0.162789389316
0.975,0.0360992667996,-0.162628820744
0.976,0.0359367199303,-0.162464251487
0.977,0.0357743396282,-0.16229568726
0.978,0.0356121298855,-0.162123133872
0.979,0.0354500946882,-0.161946597233
0.98,0.0352882380168,-0.161766083347
0.981,0.0351265638453,-0.161581598317
0.982,0.0349650761418,-0.161393148343
0.983,0.0348037788681,-0.16120073972
0.984,0.0346426759798,-0.161004378841
0.985,0.0344817714257,-0.160804072195
0.986,0.0343210691484,-0.160599826366
0.987,0.0341605730838,-0.160391648034
0.988,0.034000287161,-0.160179543976
0.989,0.0338402153022,-0.159963521063
0.99,0.0336803614228,-0.159743586263
0.991,0.0335207294312,-0.159519746635
0.992,0.0333613232287,-0.159292009338
0.993,0.0332021467094,-0.159060381622
0.994,0.0330432037599,-0.158824870832
0.995,0.0328844982596,-0.158585484409
0.996,0.0327260340804,-0.158342229885
0.997,0.0325678150866,-0.158095114887
0.998,0.0324098451349,-0.157844147136
0.999,0.032252128074,-0.157589334446
1,0.032094667745,-0.157330684723
1.001,0.0319374679809,-0.157068205967
1.002,0.0317805326067,-0.15680190627
1.003,0.0316238654393,-0.156531793816
1.004,0.0314674702873,-0.156257876881
1.005,0.0313113509509,-0.155980163834
1.006,0.0311555112221,-0.155698663133
1.007,0.0309999548844,-0.15541338333
1.008,0.0308446857123,-0.155124333066
1.009,0.0306897074721,-0.154831521075
1.01,0.0305350239211,-0.154534956179
1.011,0.0303806388078,-0.154234647292
1.012,0.0302265558715,-0.153930603418
1.013,0.0300727788429,-0.153622833649
1.014,0.0299193114432,-0.153311347169
1.015,0.0297661573844,-0.152996153249
1.016,0.0296133203694,-0.152677261251
1.017,0.0294608040914,-0.152354680623
1.018,0.0293086122345,-0.152028420905
1.019,0.0291567484728,-0.151698491721
1.02,0.0290052164709,-0.151364902788
1.021,0.0288540198839,-0.151027663905
1.022,0.0287031623565,-0.150686784961
1.023,0.028552647524,-0.150342275934
1.024,0.0284024790113,-0.149994146886
1.025,0.0282526604335,-0.149642407965
1.026,0.0281031953953,-0.149287069407
1.027,0.0279540874911,-0.148928141534
1.028,0.0278053403052,-0.148565634752
1.029,0.0276569574111,-0.148199559553
1.03,0.027508942372,-0.147829926514
1.031,0.0273612987404,-0.147456746298
1.032,0.0272140300582,-0.14708002965
1.033,0.0270671398563,-0.146699787401
1.034,0.026920631655,-0.146316030465
1.035,0.0267745089633,-0.14592876984
1.036,0.0266287752795,-0.145538016605
1.037,0.0264834340906,-0.145143781925
1.038,0.0263384888724,-0.144746077046
1.039,0.0261939430895,-0.144344913297
1.04,0.026049800195,-0.143940302087
1.041,0.0259060636306,-0.143532254909
1.042,0.0257627368266,-0.143120783336
1.043,0.0256198232015,-0.142705899022
1.044,0.0254773261622,-0.142287613702
1.045,0.0253352491038,-0.141865939191
1.046,0.0251935954096,-0.141440887384
1.047,0.0250523684509,-0.141012470256
1.048,0.0249115715869,-0.140580699862
1.049,0.0247712081648,-0.140145588333
1.05,0.0246312815198,-0.139707147883
1.051,0.0244917949746,-0.139265390801
1.052,0.0243527518397,-0.138820329455
1.053,0.024214155413,-0.138371976291
1.054,0.0240760089802,-0.137920343832
1.055,0.0239383158142,-0.137465444677
1.056,0.0238010791755,-0.137007291505
1.057,0.0236643023116,-0.136545897067
1.058,0.0235279884575,-0.136081274192
1.059,0.0233921408351,-0.135613435784
1.06,0.0232567626535,-0.135142394824
1.061,0.0231218571086,-0.134668164365
1.062,0.0229874273835,-0.134190757536
1.063,0.0228534766479,-0.133710187541
1.064,0.0227200080584,-0.133226467657
1.065,0.0225870247581,-0.132739611233
1.066,0.022454529877,-0.132249631692
1.067,0.0223225265313,-0.131756542532
1.068,0.0221910178239,-0.13126035732
1.069,0.0220600068441,-0.130761089696
1.07,0.0219294966674,-0.130258753373
1.071,0.0217994903557,-0.129753362133
1.072,0.0216699909569,-0.12924492983
1.073,0.0215410015051,-0.12873347039
1.074,0.0214125250205,-0.128218997806
1.075,0.0212845645092,-0.127701526142
1.076,0.0211571229632,-0.127181069533
1.077,0.0210302033603,-0.126657642181
1.078,0.0209038086643,-0.126131258356
1.079,0.0207779418244,-0.125601932398
1.08,0.0206526057754,-0.125069678715
1.081,0.020527803438,-0.12453451178
1.082,0.0204035377181,-0.123996446136
1.083,0.0202798115071,-0.123455496389
1.084,0.0201566276818,-0.122911677216
1.085,0.0200339891042,-0.122365003356
1.086,0.0199118986217,-0.121815489615
1.087,0.0197903590667,-0.121263150863
1.088,0.0196693732567,-0.120708002037
1.089,0.0195489439943,-0.120150058135
1.09,0.0194290740671,-0.119589334222
1.091,0.0193097662475,-0.119025845424
1.092,0.0191910232928,-0.118459606932
1.093,0.0190728479451,-0.117890633998
1.094,0.0189552429312,-0.117318941937
1.095,0.0188382109625,-0.116744546127
1.096,0.018721754735,-0.116167462005
1.097,0.0186058769294,-0.11558770507
1.098,0.0184905802106,-0.115005290884
1.099,0.0183758672282,-0.114420235065
1.1,0.0182617406158,-0.113832553294
1.101,0.0181482029917,-0.113242261309
1.102,0.018035256958,-0.11264937491
1.103,0.0179229051014,-0.112053909953
1.104,0.0178111499923,-0.111455882352
1.105,0.0176999941856,-0.11085530808
1.106,0.0175894402197,-0.110252203167
1.107,0.0174794906174,-0.1096465837
1.108,0.0173701478851,-0.109038465822
1.109,0.0172614145132,-0.108427865731
1.11,0.0171532929757,-0.107814799682
1.111,0.0170457857304,-0.107199283985
1.112,0.0169388952188,-0.106581335005
1.113,0.016832623866,-0.10596096916
1.114,0.0167269740806,-0.105338202923
1.115,0.0166219482548,-0.10471305282
1.116,0.0165175487641,-0.104085535429
1.117,0.0164137779675,-0.103455667382
1.118,0.0163106382073,-0.102823465363
1.119,0.0162081318091,-0.102188946107
1.12,0.0161062610819,-0.101552126401
1.121,0.0160050283175,-0.100913023081
1.122,0.0159044357913,-0.100271653036
1.123,0.0158044857614,-0.0996280332021
1.124,0.0157051804692,-0.0989821805676
1.125,0.0156065221389,-0.0983341121679
1.126,0.0155085129777,-0.0976838450877
1.127,0.0154111551759,-0.0970313964596
1.128,0.0153144509063,-0.096376783464
1.129,0.0152184023247,-0.0957200233285
1.13,0.0151230115696,-0.0950611333275
1.131,0.0150282807622,-0.0944001307816
1.132,0.0149342120064,-0.0937370330574
1.133,0.0148408073887,-0.093071857567
1.134,0.014748068978,-0.0924046217672
1.135,0.0146559988261,-0.0917353431597
1.136,0.0145645989668,-0.0910640392898
1.137,0.0144738714167,-0.0903907277468
1.138,0.0143838181747,-0.089715426163
1.139,0.0142944412218,-0.0890381522134
1.14,0.0142057425218,-0.0883589236151
1.141,0.0141177240202,-0.0876777581272
1.142,0.0140303876452,-0.0869946735499
1.143,0.0139437353069,-0.0863096877244
1.144,0.0138577688976,-0.0856228185323
1.145,0.0137724902916,-0.0849340838949
1.146,0.0136879013456,-0.0842435017732
1.147,0.0136040038979,-0.0835510901672
1.148,0.0135207997691,-0.0828568671152
1.149,0.0134382907615,-0.0821608506938
1.15,0.0133564786594,-0.081463059017
1.151,0.0132753652292,-0.0807635102361
1.152,0.0131949522186,-0.0800622225389
1.153,0.0131152413576,-0.0793592141497
1.154,0.0130362343578,-0.078654503328
1.155,0.0129579329124,-0.0779481083691
1.156,0.0128803386963,-0.0772400476026
1.157,0.0128034533663,-0.0765303393929
1.158,0.0127272785606,-0.0758190021377
1.159,0.0126518158989,-0.0751060542685
1.16,0.0125770669827,-0.0743915142494
1.161,0.012503033395,-0.0736754005771
1.162,0.0124297167,-0.0729577317802
1.163,0.0123571184436,-0.0722385264186
1.164,0.0122852401531,-0.0715178030833
1.165,0.0122140833372,-0.070795580396
1.166,0.0121436494859,-0.070071877008
1.167,0.0120739400705,-0.0693467116006
1.168,0.0120049565438,-0.0686201028838
1.169,0.0119367003396,-0.0678920695964
1.17,0.0118691728732,-0.0671626305054
1.171,0.0118023755409,-0.0664318044051
1.172,0.0117363097205,-0.0656996101173
1.173,0.0116709767705,-0.0649660664902
1.174,0.011606378031,-0.0642311923984
1.175,0.0115425148229,-0.0634950067421
1.176,0.0114793884484,-0.0627575284468
1.177,0.0114170001906,-0.0620187764626
1.178,0.0113553513137,-0.061278769764
1.179,0.0112944430629,-0.0605375273491
1.18,0.0112342766645,-0.0597950682396
1.181,0.0111748533257,-0.0590514114796
1.182,0.0111161742344,-0.0583065761359
1.183,0.0110582405599,-0.0575605812969
1.184,0.011001053452,-0.0568134460723
1.185,0.0109446140415,-0.0560651895929
1.186,0.0108889234402,-0.0553158310098
1.187,0.0108339827405,-0.0545653894937
1.188,0.0107797930158,-0.0538138842352
1.189,0.0107263553202,-0.0530613344433
1.19,0.0106736706886,-0.0523077593459
1.191,0.0106217401368,-0.0515531781884
1.192,0.0105705646612,-0.0507976102341
1.193,0.0105201452389,-0.0500410747628
1.194,0.0104704828277,-0.0492835910711
1.195,0.0104215783664,-0.0485251784714
1.196,0.010373432774,-0.0477658562918
1.197,0.0103260469505,-0.0470056438752
1.198,0.0102794217765,-0.0462445605791
1.199,0.0102335581132,-0.045482625775
1.2,0.0101884568024,-0.044719858848
1.201,0.0101441186664,-0.0439562791962
1.202,0.0101005445084,-0.0431919062303
1.203,0.0100577351119,-0.0424267593729
1.204,0.0100156912411,-0.0416608580584
1.205,0.00997441364081,-0.0408942217321
1.206,0.0099339030362,-0.0401268698501
1.207,0.00989416013314,-0.0393588218784
1.208,0.00985518561798,-0.0385900972927
1.209,0.0098169801576,-0.0378207155779
1.21,0.00977954439937,-0.0370506962273
1.211,0.00974287897119,-0.0362800587427
1.212,0.00970698448143,-0.0355088226332
1.213,0.00967186151896,-0.0347370074153
1.214,0.00963751065312,-0.033964632612
1.215,0.00960393243375,-0.0331917177526
1.216,0.00957112739113,-0.032418282372
1.217,0.009539096036,-0.0316443460104
1.218,0.00950783885958,-0.0308699282127
1.219,0.00947735633354,-0.0300950485279
1.22,0.00944764890997,-0.0293197265087
1.221,0.00941871702145,-0.0285439817113
1.222,0.00939056108096,-0.0277678336945
1.223,0.00936318148194,-0.0269913020191
1.224,0.00933657859828,-0.0262144062481
1.225,0.00931075278429,-0.0254371659456
1.226,0.00928570437472,-0.0246596006763
1.227,0.00926143368474,-0.0238817300055
1.228,0.00923794100998,-0.0231035734981
1.229,0.0092152266265,-0.0223251507185
1.23,0.00919329079078,-0.0215464812297
1.231,0.00917213373976,-0.0207675845932
1.232,0.00915175569079,-0.0199884803684
1.233,0.0091321568417,-0.0192091881119
1.234,0.00911333737073,-0.0184297273772
1.235,0.00909529743659,-0.0176501177145
1.236,0.00907803717843,-0.0168703786695
1.237,0.00906155671586,-0.0160905297834
1.238,0.00904585614896,-0.0153105905926
1.239,0.00903093555827,-0.0145305806277
1.24,0.00901679500479,-0.0137505194132
1.241,0.00900343453002,-0.0129704264673
1.242,0.00899085415593,-0.012190321301
1.243,0.00897905388499,-0.0114102234179
1.244,0.00896803370017,-0.0106301523137
1.245,0.00895779356494,-0.00985012747535
1.246,0.0089483334233,-0.00907016838114
1.247,0.00893965319977,-0.00829029449978
1.248,0.00893175279941,-0.00751052529011
1.249,0.00892463210782,-0.00673088020055
1.25,0.00891829099116,-0.00595137866867
1.251,0.00891272929615,-0.00517204012064
1.252,0.00890794685011,-0.00439288397081
1.253,0.00890394346094,-0.00361392962122
1.254,0.00890071891714,-0.00283519646106
1.255,0.00889827298783,-0.0020567038663
1.256,0.00889660542277,-0.00127847119909
1.257,0.00889571595234,-0.000500517807374
1.258,0.00889560428761,0.000277136975629
1.259,0.00889627012032,0.0010544738319
1.26,0.00889771312287,0.00183147345908
1.261,0.0088999329484,0.00260811657098
1.262,0.00890292923075,0.00338438389802
1.263,0.00890670158451,0.00416025618772
1.264,0.00891124960503,0.00493571420518
1.265,0.00891657286843,0.00571073873354
1.266,0.0089226709316,0.00648531057445
1.267,0.00892954333229,0.00725941054859
1.268,0.00893718958902,0.00803301949606
1.269,0.00894560920122,0.00880611827692
1.27,0.00895480164915,0.00957868777164
1.271,0.00896476639397,0.0103507088815
1.272,0.00897550287776,0.0111221625293
1.273,0.00898701052352,0.0118930296595
1.274,0.00899928873523,0.0126632912388
1.275,0.00901233689781,0.0134329282567
1.276,0.00902615437722,0.0142019217261
1.277,0.00904074052043,0.0149702526833
1.278,0.00905609465544,0.0157379021888
1.279,0.00907221609135,0.0165048513279
1.28,0.00908910411834,0.0172710812108
1.281,0.00910675800773,0.0180365729733
1.282,0.00912517701197,0.018801307777
1.283,0.00914436036469,0.0195652668103
1.284,0.00916430728073,0.0203284312882
1.285,0.00918501695616,0.0210907824533
1.286,0.00920648856829,0.0218523015759
1.287,0.00922872127573,0.0226129699546
1.288,0.0092517142184,0.0233727689168
1.289,0.00927546651754,0.024131679819
1.29,0.00929997727581,0.0248896840474
1.291,0.00932524557722,0.0256467630185
1.292,0.00935127048724,0.0264028981789
1.293,0.0093780510528,0.0271580710067
1.294,0.00940558630231,0.0279122630112
1.295,0.00943387524573,0.0286654557336
1.296,0.00946291687454,0.0294176307476
1.297,0.00949271016185,0.0301687696596
1.298,0.00952325406237,0.0309188541093
1.299,0.00955454751247,0.03166786577
1.3,0.00958658943022,0.0324157863493
1.301,0.00961937871539,0.0331625975893
1.302,0.00965291424954,0.033908281267
1.303,0.00968719489601,0.0346528191952
1.304,0.00972221949996,0.0353961932224
1.305,0.00975798688845,0.0361383852334
1.306,0.0097944958704,0.0368793771499
1.307,0.0098317452367,0.0376191509307
1.308,0.00986973376021,0.0383576885724
1.309,0.00990846019581,0.0390949721098
1.31,0.00994792328042,0.0398309836158
1.311,0.00998812173307,0.0405657052027
1.312,0.0100290542549,0.0412991190221
1.313,0.0100707195293,0.0420312072652
1.314,0.0101131162217,0.0427619521638
1.315,0.0101562429799,0.04349133599
1.316,0.010200098434,0.0442193410574
1.317,0.0102446811965,0.0449459497207
1.318,0.0102899898621,0.0456711443771
1.319,0.0103360230081,0.0463949074657
1.32,0.010382779194,0.0471172214686
1.321,0.0104302569622,0.0478380689111
1.322,0.0104784548372,0.0485574323623
1.323,0.0105273713264,0.0492752944351
1.324,0.0105770049198,0.049991637787
1.325,0.01062735409,0.0507064451205
1.326,0.0106784172923,0.0514196991833
1.327,0.0107301929649,0.0521313827687
1.328,0.0107826795286,0.0528414787164
1.329,0.0108358753874,0.0535499699125
1.33,0.0108897789279,0.05425683929
1.331,0.0109443885197,0.0549620698294
1.332,0.0109997025156,0.0556656445589
1.333,0.0110557192512,0.0563675465548
1.334,0.0111124370455,0.0570677589422
1.335,0.0111698542003,0.0577662648949
1.336,0.0112279690009,0.0584630476363
1.337,0.0112867797156,0.0591580904394
1.338,0.0113462845962,0.0598513766276
1.339,0.0114064818778,0.0605428895747
1.34,0.0114673697788,0.0612326127055
1.341,0.0115289465011,0.0619205294963
1.342,0.0115912102301,0.0626066234749
1.343,0.0116541591349,0.0632908782214
1.344,0.011717791368,0.0639732773685
1.345,0.0117821050657,0.0646538046018
1.346,0.0118470983479,0.0653324436601
1.347,0.0119127693182,0.066009178336
1.348,0.0119791160643,0.0666839924761
1.349,0.0120461366576,0.0673568699816
1.35,0.0121138291534,0.0680277948084
1.351,0.012182191591,0.0686967509677
1.352,0.0122512219938,0.0693637225263
1.353,0.0123209183693,0.070028693607
1.354,0.0123912787089,0.0706916483888
1.355,0.0124623009887,0.0713525711076
1.356,0.0125339831686,0.0720114460563
1.357,0.012606323193,0.0726682575854
1.358,0.0126793189907,0.073322990103
1.359,0.012752968475,0.0739756280756
1.36,0.0128272695435,0.0746261560283
1.361,0.0129022200786,0.0752745585448
1.362,0.012977817947,0.0759208202685
1.363,0.0130540610004,0.0765649259022
1.364,0.013130947075,0.0772068602087
1.365,0.013208473992,0.0778466080114
1.366,0.0132866395572,0.0784841541942
1.367,0.0133654415615,0.0791194837021
1.368,0.0134448777807,0.0797525815416
1.369,0.0135249459757,0.0803834327809
1.37,0.0136056438924,0.0810120225504
1.371,0.013686969262,0.0816383360429
1.372,0.0137689198009,0.0822623585142
1.373,0.0138514932105,0.0828840752829
1.374,0.013934687178,0.0835034717315
1.375,0.0140184993757,0.084120533306
1.376,0.0141029274615,0.0847352455169
1.377,0.0141879690788,0.0853475939389
1.378,0.0142736218566,0.0859575642119
1.379,0.0143598834097,0.0865651420406
1.38,0.0144467513385,0.0871703131955
1.381,0.0145342232292,0.0877730635129
1.382,0.0146222966539,0.0883733788951
1.383,0.0147109691706,0.0889712453111
1.384,0.0148002383235,0.0895666487967
1.385,0.0148901016426,0.0901595754548
1.386,0.0149805566442,0.0907500114556
1.387,0.0150716008307,0.0913379430374
1.388,0.0151632316909,0.0919233565065
1.389,0.0152554466998,0.0925062382373
1.39,0.0153482433189,0.0930865746735
1.391,0.0154416189962,0.0936643523273
1.392,0.0155355711662,0.0942395577807
1.393,0.0156300972499,0.0948121776849
1.394,0.0157251946553,0.0953821987615
1.395,0.0158208607768,0.0959496078021
1.396,0.0159170929958,0.096514391669
1.397,0.0160138886807,0.0970765372952
1.398,0.0161112451867,0.0976360316851
1.399,0.016209159856,0.0981928619144
1.4,0.0163076300182,0.0987470151306
1.401,0.0164066529897,0.0992984785532
1.402,0.0165062260744,0.0998472394743
1.403,0.0166063465636,0.100393285258
1.404,0.0167070117357,0.100936603343
1.405,0.0168082188569,0.101477181238
1.406,0.0169099651806,0.102015006528
1.407,0.0170122479483,0.102550066872
1.408,0.0171150643887,0.10308235
1.409,0.0172184117185,0.10361184372
1.41,0.0173222871422,0.104138535912
1.411,0.0174266878524,0.104662414532
1.412,0.0175316110295,0.105183467611
1.413,0.0176370538418,0.105701683255
1.414,0.0177430134462,0.106217049646
1.415,0.0178494869875,0.106729555041
1.416,0.0179564715987,0.107239187776
1.417,0.0180639644016,0.107745936261
1.418,0.018171962506,0.108249788982
1.419,0.0182804630105,0.108750734505
1.42,0.0183894630022,0.109248761471
1.421,0.0184989595568,0.109743858599
1.422,0.018608949739,0.110236014685
1.423,0.0187194306021,0.110725218604
1.424,0.0188303991885,0.111211459311
1.425,0.0189418525294,0.111694725835
1.426,0.0190537876451,0.112175007287
1.427,0.0191662015453,0.112652292856
1.428,0.0192790912286,0.113126571811
1.429,0.0193924536832,0.1135978335
1.43,0.0195062858863,0.114066067349
1.431,0.0196205848051,0.114531262867
1.432,0.0197353473958,0.114993409641
1.433,0.0198505706047,0.115452497339
1.434,0.0199662513674,0.115908515709
1.435,0.0200823866096,0.116361454582
1.436,0.0201989732467,0.116811303866
1.437,0.0203160081841,0.117258053554
1.438,0.0204334883173,0.117701693718
1.439,0.0205514105318,0.118142214515
1.44,0.0206697717033,0.118579606179
1.441,0.0207885686979,0.119013859031
1.442,0.0209077983719,0.119444963471
1.443,0.0210274575722,0.119872909983
1.444,0.021147543136,0.120297689134
1.445,0.0212680518915,0.120719291572
1.446,0.0213889806572,0.121137708031
1.447,0.0215103262425,0.121552929325
1.448,0.0216320854478,0.121964946356
1.449,0.0217542550641,0.122373750104
1.45,0.0218768318739,0.122779331639
1.451,0.0219998126504,0.12318168211
1.452,0.0221231941582,0.123580792753
1.453,0.0222469731531,0.123976654888
1.454,0.0223711463822,0.12436925992
1.455,0.0224957105844,0.124758599339
1.456,0.0226206624896,0.125144664717
1.457,0.0227459988197,0.125527447717
1.458,0.0228717162881,0.125906940081
1.459,0.0229978116002,0.126283133641
1.46,0.0231242814531,0.126656020314
1.461,0.0232511225359,0.127025592101
1.462,0.0233783315297,0.12739184109
1.463,0.0235059051079,0.127754759457
1.464,0.0236338399358,0.128114339462
1.465,0.0237621326714,0.128470573452
1.466,0.0238907799649,0.128823453862
1.467,0.0240197784588,0.129172973213
1.468,0.0241491247885,0.129519124111
1.469,0.0242788155818,0.129861899253
1.47,0.0244088474593,0.130201291421
1.471,0.0245392170346,0.130537293485
1.472,0.0246699209139,0.130869898402
1.473,0.0248009556967,0.131199099217
1.474,0.0249323179753,0.131524889063
1.475,0.0250640043356,0.131847261162
1.476,0.0251960113562,0.132166208822
1.477,0.0253283356095,0.132481725441
1.478,0.0254609736612,0.132793804505
1.479,0.0255939220705,0.133102439587
1.48,0.0257271773903,0.133407624352
1.481,0.025860736167,0.13370935255
1.482,0.0259945949411,0.134007618023
1.483,0.0261287502468,0.1343024147
1.484,0.0262631986123,0.1345937366
1.485,0.0263979365598,0.134881577831
1.486,0.0265329606058,0.135165932591
1.487,0.0266682672609,0.135446795165
1.488,0.0268038530302,0.135724159932
1.489,0.026939714413,0.135998021356
1.49,0.0270758479033,0.136268373995
1.491,0.0272122499896,0.136535212492
1.492,0.0273489171551,0.136798531585
1.493,0.0274858458779,0.1370583261
1.494,0.0276230326308,0.137314590951
1.495,0.0277604738816,0.137567321146
1.496,0.0278981660932,0.13781651178
1.497,0.0280361057237,0.138062158042
1.498,0.0281742892263,0.138304255209
1.499,0.0283127130495,0.138542798648
1.5,0.0284513736375,0.138777783819
1.501,0.0285902674296,0.139009206271
1.502,0.028729390861,0.139237061644
1.503,0.0288687403624,0.139461345671
1.504,0.0290083123605,0.139682054172
1.505,0.0291481032776,0.139899183062
1.506,0.0292881095321,0.140112728345
1.507,0.0294283275384,0.140322686117
1.508,0.0295687537072,0.140529052564
1.509,0.0297093844452,0.140731823964
1.51,0.0298502161556,0.140930996687
1.511,0.0299912452378,0.141126567194
1.512,0.0301324680881,0.141318532038
1.513,0.0302738810989,0.141506887861
1.514,0.0304154806597,0.141691631399
1.515,0.0305572631565,0.14187275948
1.516,0.0306992249725,0.142050269022
1.517,0.0308413624874,0.142224157035
1.518,0.0309836720784,0.142394420621
1.519,0.0311261501196,0.142561056975
1.52,0.0312687929823,0.14272406338
1.521,0.0314115970355,0.142883437216
1.522,0.0315545586451,0.14303917595
1.523,0.0316976741748,0.143191277145
1.524,0.0318409399861,0.143339738453
1.525,0.0319843524377,0.143484557619
1.526,0.0321279078865,0.143625732479
1.527,0.0322716026872,0.143763260963
1.528,0.0324154331923,0.143897141092
1.529,0.0325593957526,0.144027370977
1.53,0.0327034867169,0.144153948824
1.531,0.0328477024324,0.14427687293
1.532,0.0329920392443,0.144396141682
1.533,0.0331364934968,0.144511753563
1.534,0.033281061532,0.144623707144
1.535,0.0334257396912,0.144732001091
1.536,0.0335705243139,0.14483663416
1.537,0.0337154117388,0.1449376052
1.538,0.0338603983033,0.145034913151
1.539,0.0340054803438,0.145128557047
1.54,0.0341506541957,0.145218536012
1.541,0.0342959161939,0.145304849262
1.542,0.0344412626721,0.145387496107
1.543,0.0345866899638,0.145466475947
1.544,0.0347321944015,0.145541788275
1.545,0.0348777723177,0.145613432673
1.546,0.0350234200441,0.14568140882
1.547,0.0351691339125,0.145745716482
1.548,0.0353149102542,0.14580635552
1.549,0.0354607454006,0.145863325884
1.55,0.0356066356831,0.145916627619
1.551,0.035752577433,0.145966260858
1.552,0.035898566982,0.146012225829
1.553,0.036044600662,0.14605452285
1.554,0.0361906748052,0.14609315233
1.555,0.0363367857443,0.14612811477
1.556,0.0364829298126,0.146159410763
1.557,0.0366291033439,0.146187040994
1.558,0.0367753026729,0.146211006237
1.559,0.036921524135,0.146231307359
1.56,0.0370677640666,0.146247945319
1.561,0.037214018805,0.146260921165
1.562,0.0373602846886,0.146270236037
1.563,0.0375065580571,0.146275891167
1.564,0.0376528352515,0.146277887877
1.565,0.0377991126139,0.14627622758
1.566,0.0379453864881,0.146270911781
1.567,0.0380916532195,0.146261942073
1.568,0.0382379091549,0.146249320143
1.569,0.0383841506429,0.146233047766
1.57,0.0385303740342,0.14621312681
1.571,0.038676575681,0.146189559231
1.572,0.0388227519378,0.146162347076
1.573,0.038968899161,0.146131492484
1.574,0.0391150137094,0.146096997682
1.575,0.0392610919437,0.146058864988
1.576,0.0394071302275,0.14601709681
1.577,0.0395531249264,0.145971695647
1.578,0.0396990724087,0.145922664085
1.579,0.0398449690453,0.145870004802
1.58,0.0399908112099,0.145813720566
1.581,0.0401365952791,0.145753814232
1.582,0.040282317632,0.145690288748
1.583,0.0404279746512,0.145623147146
1.584,0.040573562722,0.145552392554
1.585,0.040719078233,0.145478028182
1.586,0.0408645175762,0.145400057335
1.587,0.0410098771467,0.145318483403
1.588,0.0411551533431,0.145233309866
1.589,0.0413003425677,0.145144540292
1.59,0.0414454412262,0.145052178339
1.591,0.0415904457282,0.144956227751
1.592,0.0417353524868,0.144856692363
1.593,0.0418801579193,0.144753576095
1.594,0.0420248584467,0.144646882957
1.595,0.0421694504943,0.144536617046
1.596,0.0423139304913,0.144422782548
1.597,0.0424582948713,0.144305383735
1.598,0.0426025400721,0.144184424965
1.599,0.042746662536,0.144059910688
1.6,0.0428906587098,0.143931845436
1.601,0.0430345250448,0.143800233831
1.602,0.0431782579969,0.14366508058
1.603,0.043321854027,0.143526390479
1.604,0.0434653096005,0.143384168408
1.605,0.0436086211881,0.143238419335
1.606,0.0437517852652,0.143089148312
1.607,0.0438947983125,0.14293636048
1.608,0.0440376568157,0.142780061064
1.609,0.0441803572658,0.142620255375
1.61,0.0443228961594,0.14245694881
1.611,0.0444652699983,0.14229014685
1.612,0.0446074752899,0.142119855062
1.613,0.0447495085471,0.141946079099
1.614,0.0448913662886,0.141768824698
1.615,0.0450330450389,0.14158809768
1.616,0.0451745413284,0.141403903951
1.617,0.0453158516932,0.141216249501
1.618,0.0454569726758,0.141025140405
1.619,0.0455979008245,0.140830582822
1.62,0.045738632694,0.140632582992
1.621,0.0458791648452,0.140431147243
1.622,0.0460194938454,0.140226281982
1.623,0.0461596162682,0.140017993703
1.624,0.0462995286939,0.13980628898
1.625,0.0464392277095,0.13959117447
1.626,0.0465787099085,0.139372656915
1.627,0.0467179718913,0.139150743137
1.628,0.046857010265,0.138925440041
1.629,0.0469958216439,0.138696754614
1.63,0.0471344026492,0.138464693925
1.631,0.0472727499091,0.138229265124
1.632,0.0474108600591,0.137990475442
1.633,0.0475487297421,0.137748332192
1.634,0.0476863556081,0.137502842767
1.635,0.0478237343147,0.137254014642
1.636,0.047960862527,0.137001855371
1.637,0.0480977369176,0.136746372589
1.638,0.0482343541669,0.136487574012
1.639,0.048370710963,0.136225467433
1.64,0.0485068040017,0.135960060728
1.641,0.048642629987,0.135691361849
1.642,0.0487781856307,0.13541937883
1.643,0.0489134676527,0.135144119782
1.644,0.049048472781,0.134865592894
1.645,0.049183197752,0.134583806437
1.646,0.0493176393101,0.134298768757
1.647,0.0494517942085,0.134010488278
1.648,0.0495856592086,0.133718973503
1.649,0.0497192310803,0.133424233012
1.65,0.0498525066023,0.133126275461
1.651,0.0499854825618,0.132825109585
1.652,0.0501181557549,0.132520744195
1.653,0.0502505229866,0.132213188177
1.654,0.0503825810707,0.131902450496
1.655,0.0505143268301,0.131588540189
1.656,0.0506457570966,0.131271466373
1.657,0.0507768687114,0.130951238237
1.658,0.0509076585247,0.130627865048
1.659,0.0510381233962,0.130301356145
1.66,0.0511682601949,0.129971720944
1.661,0.0512980657992,0.129638968934
1.662,0.051427537097,0.129303109679
1.663,0.051556670986,0.128964152816
1.664,0.0516854643734,0.128622108057
1.665,0.0518139141761,0.128276985185
1.666,0.051942017321,0.127928794058
1.667,0.0520697707447,0.127577544605
1.668,0.0521971713941,0.127223246831
1.669,0.0523242162257,0.126865910809
1.67,0.0524509022063,0.126505546685
1.671,0.0525772263131,0.126142164679
1.672,0.0527031855331,0.125775775079
1.673,0.0528287768641,0.125406388248
1.674,0.052953997314,0.125034014615
1.675,0.0530788439013,0.124658664683
1.676,0.0532033136548,0.124280349024
1.677,0.0533274036143,0.12389907828
1.678,0.0534511108299,0.123514863162
1.679,0.0535744323627,0.123127714453
1.68,0.0536973652846,0.122737643001
1.681,0.0538199066781,0.122344659725
1.682,0.0539420536371,0.121948775613
1.683,0.0540638032661,0.121550001719
1.684,0.054185152681,0.121148349167
1.685,0.0543060990086,0.120743829147
1.686,0.0544266393872,0.120336452917
1.687,0.0545467709661,0.119926231801
1.688,0.0546664909063,0.119513177191
1.689,0.0547857963799,0.119097300545
1.69,0.0549046845705,0.118678613384
1.691,0.0550231526736,0.118257127299
1.692,0.055141197896,0.117832853944
1.693,0.0552588174563,0.117405805039
1.694,0.0553760085849,0.116975992366
1.695,0.0554927685238,0.116543427776
1.696,0.0556090945271,0.116108123179
1.697,0.0557249838608,0.115670090553
1.698,0.0558404338029,0.115229341937
1.699,0.0559554416434,0.114785889434
1.7,0.0560700046845,0.114339745209
1.701,0.0561841202406,0.11389092149
1.702,0.0562977856384,0.113439430567
1.703,0.0564109982168,0.112985284791
1.704,0.0565237553272,0.112528496576
1.705,0.0566360543333,0.112069078396
1.706,0.0567478926115,0.111607042785
1.707,0.0568592675506,0.11114240234
1.708,0.0569701765521,0.110675169714
1.709,0.0570806170302,0.110205357625
1.71,0.0571905864118,0.109732978845
1.711,0.0573000821366,0.109258046209
1.712,0.0574091016572,0.108780572608
1.713,0.0575176424391,0.108300570994
1.714,0.0576257019609,0.107818054375
1.715,0.0577332777139,0.107333035818
1.716,0.0578403672029,0.106845528445
1.717,0.0579469679456,0.106355545438
1.718,0.058053077473,0.105863100033
1.719,0.0581586933293,0.105368205525
1.72,0.0582638130721,0.104870875261
1.721,0.0583684342723,0.104371122648
1.722,0.0584725545144,0.103868961145
1.723,0.0585761713962,0.103364404268
1.724,0.058679282529,0.102857465584
1.725,0.058781885538,0.102348158719
1.726,0.0588839780616,0.101836497348
1.727,0.0589855577524,0.101322495204
1.728,0.0590866222764,0.100806166068
1.729,0.0591871693135,0.100287523778
1.73,0.0592871965575,0.0997665822215
1.731,0.0593867017161,0.0992433553396
1.732,0.0594856825111,0.098717857124
1.733,0.059584136678,0.0981901016179
1.734,0.0596820619666,0.0976601029152
1.735,0.0597794561408,0.0971278751604
1.736,0.0598763169786,0.0965934325478
1.737,0.0599726422723,0.0960567893217
1.738,0.0600684298285,0.0955179597754
1.739,0.0601636774679,0.0949769582514
1.74,0.0602583830258,0.0944337991405
1.741,0.0603525443518,0.0938884968818
1.742,0.06044615931,0.0933410659623
1.743,0.060539225779,0.0927915209162
1.744,0.060631741652,0.0922398763248
1.745,0.0607237048367,0.0916861468162
1.746,0.0608151132555,0.0911303470646
1.747,0.0609059648456,0.0905724917901
1.748,0.0609962575588,0.0900125957583
1.749,0.0610859893618,0.08945067378
1.75,0.061175158236,0.0888867407105
1.751,0.0612637621778,0.0883208114495
1.752,0.0613517991985,0.0877529009409
1.753,0.0614392673243,0.0871830241718
1.754,0.0615261645965,0.0866111961727
1.755,0.0616124890713,0.0860374320166
1.756,0.0616982388201,0.085461746819
1.757,0.0617834119296,0.0848841557375
1.758,0.0618680065014,0.0843046739712
1.759,0.0619520206524,0.0837233167602
1.76,0.0620354525148,0.0831400993856
1.761,0.0621183002362,0.0825550371688
1.762,0.0622005619794,0.0819681454712
1.763,0.0622822359225,0.0813794396937
1.764,0.0623633202592,0.0807889352765
1.765,0.0624438131986,0.0801966476986
1.766,0.0625237129654,0.0796025924772
1.767,0.0626030177996,0.0790067851677
1.768,0.0626817259569,0.0784092413629
1.769,0.0627598357087,0.0778099766929
1.77,0.0628373453419,0.0772090068245
1.771,0.0629142531591,0.0766063474608
1.772,0.0629905574789,0.0760020143409
1.773,0.0630662566352,0.0753960232395
1.774,0.063141348978,0.0747883899663
1.775,0.063215832873,0.0741791303659
1.776,0.0632897067019,0.073568260317
1.777,0.0633629688621,0.0729557957324
1.778,0.0634356177671,0.0723417525583
1.779,0.0635076518464,0.0717261467739
1.78,0.0635790695451,0.0711089943912
1.781,0.0636498693249,0.0704903114545
1.782,0.0637200496632,0.0698701140398
1.783,0.0637896090536,0.0692484182545
1.784,0.0638585460057,0.0686252402371
1.785,0.0639268590454,0.0680005961568
1.786,0.0639945467147,0.0673745022127
1.787,0.0640616075719,0.0667469746339
1.788,0.0641280401915,0.0661180296787
1.789,0.0641938431642,0.0654876836344
1.79,0.0642590150972,0.0648559528169
1.791,0.0643235546137,0.0642228535699
1.792,0.0643874603536,0.0635884022651
1.793,0.064450730973,0.0629526153012
1.794,0.0645133651445,0.0623155091039
1.795,0.064575361557,0.0616771001251
1.796,0.064636718916,0.0610374048429
1.797,0.0646974359434,0.0603964397608
1.798,0.0647575113777,0.0597542214076
1.799,0.064816943974,0.0591107663367
1.8,0.0648757325037,0.0584660911258
1.801,0.064933875755,0.0578202123764
1.802,0.0649913725328,0.0571731467137
1.803,0.0650482216584,0.0565249107855
1.804,0.0651044219698,0.0558755212627
1.805,0.0651599723219,0.055224994838
1.806,0.0652148715861,0.0545733482259
1.807,0.0652691186506,0.0539205981622
1.808,0.0653227124202,0.0532667614038
1.809,0.0653756518167,0.0526118547279
1.81,0.0654279357786,0.0519558949316
1.811,0.0654795632612,0.0512988988318
1.812,0.0655305332365,0.0506408832646
1.813,0.0655808446935,0.0499818650847
1.814,0.0656304966381,0.0493218611653
1.815,0.0656794880929,0.0486608883972
1.816,0.0657278180975,0.0479989636889
1.817,0.0657754857086,0.047336103966
1.818,0.0658224899994,0.0466723261704
1.819,0.0658688300605,0.0460076472605
1.82,0.0659145049993,0.0453420842102
1.821,0.0659595139399,0.0446756540088
1.822,0.0660038560239,0.0440083736605
1.823,0.0660475304095,0.0433402601839
1.824,0.0660905362722,0.0426713306117
1.825,0.0661328728044,0.0420016019901
1.826,0.0661745392155,0.0413310913785
1.827,0.0662155347322,0.040659815849
1.828,0.066255858598,0.039987792486
1.829,0.0662955100736,0.0393150383858
1.83,0.0663344884369,0.0386415706561
1.831,0.0663727929827,0.0379674064155
1.832,0.0664104230232,0.0372925627933
1.833,0.0664473778876,0.0366170569289
1.834,0.0664836569221,0.0359409059713
1.835,0.0665192594902,0.0352641270789
1.836,0.0665541849726,0.034586737419
1.837,0.0665884327672,0.0339087541669
1.838,0.0666220022888,0.0332301945064
1.839,0.0666548929698,0.0325510756285
1.84,0.0666871042594,0.0318714147313
1.841,0.0667186356243,0.0311912290197
1.842,0.0667494865482,0.0305105357049
1.843,0.0667796565322,0.0298293520037
1.844,0.0668091450945,0.0291476951383
1.845,0.0668379517705,0.028465582336
1.846,0.066866076113,0.0277830308285
1.847,0.0668935176917,0.0271000578516
1.848,0.0669202760939,0.0264166806447
1.849,0.066946350924,0.0257329164504
1.85,0.0669717418036,0.0250487825142
1.851,0.0669964483715,0.0243642960838
1.852,0.067020470284,0.023679474409
1.853,0.0670438072143,0.0229943347407
1.854,0.0670664588532,0.0223088943313
1.855,0.0670884249085,0.0216231704336
1.856,0.0671097051054,0.0209371803005
1.857,0.0671302991861,0.0202509411849
1.858,0.0671502069105,0.0195644703388
1.859,0.0671694280553,0.0188777850132
1.86,0.0671879624148,0.0181909024576
1.861,0.0672058098002,0.0175038399193
1.862,0.0672229700404,0.0168166146436
1.863,0.067239442981,0.0161292438725
1.864,0.0672552284853,0.0154417448452
1.865,0.0672703264337,0.0147541347968
1.866,0.0672847367237,0.0140664309586
1.867,0.0672984592701,0.0133786505573
1.868,0.067311494005,0.0126908108144
1.869,0.0673238408777,0.0120029289462
1.87,0.0673354998546,0.0113150221631
1.871,0.0673464709194,0.0106271076694
1.872,0.0673567540731,0.00993920266237
1.873,0.0673663493337,0.00925132433248
1.874,0.0673752567364,0.00856348986253
1.875,0.0673834763337,0.00787571642736
1.876,0.0673910081953,0.00718802119342
1.877,0.0673978524079,0.00650042131834
1.878,0.0674040090754,0.00581293395052
1.879,0.067409478319,0.00512557622867
1.88,0.0674142602768,0.00443836528141
1.881,0.0674183551042,0.00375131822685
1.882,0.0674217629736,0.00306445217215
1.883,0.0674244840746,0.0023777842131
1.884,0.0674265186138,0.00169133143372
1.885,0.0674278668149,0.00100511090579
1.886,0.0674285289187,0.000319139688496
1.887,0.067428505183,-0.000366565172065
1.888,0.0674277958828,-0.00105198664325
1.889,0.0674264013099,-0.00173710770633
1.89,0.0674243217732,-0.00242191135686
1.891,0.0674215575986,-0.00310638060516
1.892,0.0674181091291,-0.00379049847669
1.893,0.0674139767245,-0.00447424801248
1.894,0.0674091607615,-0.00515761226954
1.895,0.067403661634,-0.00584057432131
1.896,0.0673974797526,-0.00652311725804
1.897,0.0673906155448,-0.00720522418721
1.898,0.0673830694552,-0.00788687823395
1.899,0.0673748419449,-0.00856806254149
1.9,0.0673659334923,-0.00924876027151
1.901,0.0673563445922,-0.0099289546046
1.902,0.0673460757565,-0.0106086287407
1.903,0.0673351275137,-0.0112877658993
1.904,0.0673235004092,-0.0119663493203
1.905,0.0673111950052,-0.0126443622639
1.906,0.0672982118804,-0.0133217880113
1.907,0.0672845516305,-0.0139986098653
1.908,0.0672702148676,-0.0146748111501
1.909,0.0672552022206,-0.0153503752123
1.91,0.0672395143351,-0.0160252854211
1.911,0.0672231518732,-0.0166995251686
1.912,0.0672061155138,-0.0173730778704
1.913,0.067188405952,-0.0180459269658
1.914,0.0671700238999,-0.0187180559184
1.915,0.0671509700858,-0.0193894482163
1.916,0.0671312452545,-0.0200600873727
1.917,0.0671108501675,-0.0207299569262
1.918,0.0670897856027,-0.0213990404413
1.919,0.0670680523541,-0.0220673215086
1.92,0.0670456512326,-0.0227347837454
1.921,0.0670225830651,-0.0234014107959
1.922,0.0669988486948,-0.0240671863318
1.923,0.0669744489817,-0.0247320940527
1.924,0.0669493848014,-0.0253961176863
1.925,0.0669236570464,-0.0260592409889
1.926,0.066897266625,-0.0267214477458
1.927,0.0668702144618,-0.0273827217718
1.928,0.0668425014977,-0.0280430469113
1.929,0.0668141286897,-0.0287024070391
1.93,0.0667850970107,-0.0293607860604
1.931,0.0667554074499,-0.0300181679114
1.932,0.0667250610126,-0.0306745365597
1.933,0.0666940587199,-0.0313298760045
1.934,0.066662401609,-0.0319841702774
1.935,0.066630090733,-0.0326374034422
1.936,0.0665971271611,-0.0332895595958
1.937,0.0665635119781,-0.0339406228682
1.938,0.0665292462849,-0.0345905774233
1.939,0.0664943311981,-0.0352394074588
1.94,0.0664587678501,-0.0358870972071
1.941,0.0664225573891,-0.0365336309351
1.942,0.0663857009788,-0.0371789929451
1.943,0.066348199799,-0.0378231675749
1.944,0.0663100550447,-0.0384661391982
1.945,0.0662712679268,-0.0391078922252
1.946,0.0662318396716,-0.0397484111025
1.947,0.0661917715211,-0.040387680314
1.948,0.0661510647327,-0.041025684381
1.949,0.0661097205792,-0.0416624078625
1.95,0.066067740349,-0.0422978353558
1.951,0.0660251253456,-0.0429319514968
1.952,0.0659818768882,-0.04356474096
1.953,0.065937996311,-0.0441961884597
1.954,0.0658934849637,-0.0448262787493
1.955,0.065848344211,-0.0454549966228
1.956,0.065802575433,-0.046082326914
1.957,0.0657561800247,-0.046708254498
1.958,0.0657091593966,-0.0473327642905
1.959,0.0656615149738,-0.0479558412491
1.96,0.0656132481967,-0.048577470373
1.961,0.0655643605206,-0.0491976367035
1.962,0.0655148534159,-0.0498163253248
1.963,0.0654647283675,-0.0504335213635
1.964,0.0654139868756,-0.05104920999
1.965,0.0653626304549,-0.0516633764179
1.966,0.0653106606351,-0.0522760059049
1.967,0.0652580789603,-0.052887083753
1.968,0.0652048869897,-0.0534965953089
1.969,0.0651510862967,-0.0541045259643
1.97,0.0650966784696,-0.0547108611562
1.971,0.065041665111,-0.0553155863674
1.972,0.0649860478383,-0.0559186871267
1.973,0.0649298282831,-0.0565201490091
1.974,0.0648730080914,-0.0571199576367
1.975,0.0648155889237,-0.0577180986785
1.976,0.0647575724546,-0.0583145578507
1.977,0.0646989603733,-0.0589093209176
1.978,0.0646397543829,-0.0595023736914
1.979,0.0645799562008,-0.0600937020328
1.98,0.0645195675584,-0.0606832918511
1.981,0.0644585902012,-0.0612711291049
1.982,0.064397025889,-0.0618571998021
1.983,0.0643348763951,-0.0624414900004
1.984,0.0642721435071,-0.0630239858075
1.985,0.0642088290263,-0.0636046733816
1.986,0.0641449347677,-0.0641835389316
1.987,0.0640804625603,-0.0647605687174
1.988,0.0640154142468,-0.0653357490503
1.989,0.0639497916833,-0.0659090662935
1.99,0.0638835967397,-0.0664805068618
1.991,0.0638168312996,-0.0670500572228
1.992,0.0637494972599,-0.0676177038965
1.993,0.0636815965309,-0.0681834334559
1.994,0.0636131310364,-0.0687472325273
1.995,0.0635441027137,-0.0693090877906
1.996,0.0634745135132,-0.0698689859797
1.997,0.0634043653985,-0.0704269138826
1.998,0.0633336603466,-0.0709828583418
1.999,0.0632624003474,-0.0715368062549
2,0.063190587404,-0.0720887445743
2.001,0.0631182235324,-0.072638660308
2.002,0.0630453107618,-0.0731865405199
2.003,0.0629718511342,-0.0737323723297
2.004,0.0628978467043,-0.0742761429135
2.005,0.0628232995397,-0.0748178395043
2.006,0.0627482117208,-0.0753574493917
2.007,0.0626725853407,-0.0758949599227
2.008,0.062596422505,-0.0764303585019
2.009,0.0625197253319,-0.0769636325916
2.01,0.0624424959521,-0.0774947697123
2.011,0.0623647365089,-0.0780237574428
2.012,0.0622864491578,-0.0785505834208
2.013,0.0622076360667,-0.0790752353427
2.014,0.0621282994159,-0.0795977009643
2.015,0.0620484413976,-0.0801179681011
2.016,0.0619680642166,-0.0806360246281
2.017,0.0618871700893,-0.0811518584807
2.018,0.0618057612445,-0.0816654576544
2.019,0.0617238399229,-0.0821768102057
2.02,0.0616414083769,-0.0826859042517
2.021,0.0615584688711,-0.0831927279708
2.022,0.0614750236817,-0.0836972696031
2.023,0.0613910750965,-0.0841995174501
2.024,0.0613066254153,-0.0846994598755
2.025,0.0612216769491,-0.0851970853054
2.026,0.0611362320208,-0.085692382228
2.027,0.0610502929646,-0.0861853391949
2.028,0.0609638621262,-0.0866759448202
2.029,0.0608769418625,-0.0871641877818
2.03,0.060789534542,-0.0876500568208
2.031,0.0607016425439,-0.0881335407425
2.032,0.0606132682592,-0.0886146284159
2.033,0.0605244140896,-0.0890933087746
2.034,0.0604350824478,-0.0895695708168
2.035,0.0603452757577,-0.0900434036055
2.036,0.0602549964539,-0.0905147962687
2.037,0.0601642469821,-0.0909837379999
2.038,0.0600730297985,-0.0914502180581
2.039,0.0599813473701,-0.091914225768
2.04,0.0598892021746,-0.0923757505206
2.041,0.0597965967002,-0.0928347817731
2.042,0.0597035334457,-0.0932913090492
2.043,0.0596100149203,-0.0937453219395
2.044,0.0595160436434,-0.0941968101014
2.045,0.0594216221451,-0.0946457632597
2.046,0.0593267529653,-0.0950921712067
2.047,0.0592314386544,-0.0955360238023
2.048,0.0591356817729,-0.0959773109743
2.049,0.059039484891,-0.0964160227189
2.05,0.0589428505892,-0.0968521491003
2.051,0.0588457814579,-0.0972856802515
2.052,0.0587482800971,-0.0977166063744
2.053,0.0586503491167,-0.0981449177397
2.054,0.0585519911364,-0.0985706046876
2.055,0.0584532087853,-0.0989936576276
2.056,0.0583540047023,-0.0994140670388
2.057,0.0582543815356,-0.0998318234704
2.058,0.0581543419428,-0.100246917542
2.059,0.0580538885911,-0.100659339942
2.06,0.0579530241566,-0.101069081431
2.061,0.0578517513249,-0.10147613284
2.062,0.0577500727906,-0.10188048507
2.063,0.0576479912575,-0.102282129094
2.064,0.0575455094382,-0.102681055956
2.065,0.0574426300543,-0.103077256772
2.066,0.0573393558362,-0.103470722728
2.067,0.0572356895233,-0.103861445084
2.068,0.0571316338635,-0.10424941517
2.069,0.0570271916133,-0.104634624391
2.07,0.0569223655378,-0.105017064222
2.071,0.0568171584108,-0.105396726212
2.072,0.0567115730142,-0.105773601981
2.073,0.0566056121383,-0.106147683224
2.074,0.056499278582,-0.106518961709
2.075,0.0563925751519,-0.106887429277
2.076,0.0562855046631,-0.10725307784
2.077,0.0561780699386,-0.107615899389
2.078,0.0560702738093,-0.107975885984
2.079,0.0559621191142,-0.108333029762
2.08,0.0558536087,-0.108687322932
2.081,0.0557447454211,-0.109038757779
2.082,0.0556355321397,-0.109387326662
2.083,0.0555259717256,-0.109733022015
2.084,0.0554160670561,-0.110075836346
2.085,0.0553058210157,-0.110415762239
2.086,0.0551952364968,-0.110752792353
2.087,0.0550843163987,-0.111086919421
2.088,0.0549730636281,-0.111418136253
2.089,0.0548614810987,-0.111746435734
2.09,0.0547495717314,-0.112071810825
2.091,0.0546373384541,-0.112394254563
2.092,0.0545247842017,-0.112713760061
2.093,0.0544119119157,-0.113030320508
2.094,0.0542987245446,-0.113343929169
2.095,0.0541852250435,-0.113654579385
2.096,0.0540714163742,-0.113962264576
2.097,0.0539573015049,-0.114266978237
2.098,0.0538428834104,-0.114568713939
2.099,0.0537281650718,-0.114867465332
2.1,0.0536131494766,-0.115163226142
2.101,0.0534978396184,-0.115455990172
2.102,0.0533822384972,-0.115745751304
2.103,0.0532663491188,-0.116032503495
2.104,0.0531501744952,-0.116316240782
2.105,0.0530337176442,-0.116596957278
2.106,0.0529169815895,-0.116874647175
2.107,0.0527999693606,-0.117149304743
2.108,0.0526826839927,-0.117420924328
2.109,0.0525651285265,-0.117689500358
2.11,0.0524473060083,-0.117955027336
2.111,0.0523292194899,-0.118217499844
2.112,0.0522108720285,-0.118476912544
2.113,0.0520922666865,-0.118733260175
2.114,0.0519734065316,-0.118986537556
2.115,0.0518542946366,-0.119236739584
2.116,0.0517349340792,-0.119483861234
2.117,0.0516153279425,-0.119727897563
2.118,0.0514954793142,-0.119968843705
2.119,0.0513753912868,-0.120206694872
2.12,0.0512550669577,-0.120441446357
2.121,0.0511345094288,-0.120673093533
2.122,0.0510137218069,-0.120901631851
2.123,0.0508927072029,-0.121127056842
2.124,0.0507714687324,-0.121349364116
2.125,0.0506500095154,-0.121568549364
2.126,0.0505283326758,-0.121784608355
2.127,0.0504064413421,-0.121997536941
2.128,0.0502843386468,-0.122207331049
2.129,0.0501620277262,-0.122413986691
2.13,0.0500395117208,-0.122617499956
2.131,0.049916793775,-0.122817867014
2.132,0.0497938770368,-0.123015084115
2.133,0.049670764658,-0.123209147589
2.134,0.049547459794,-0.123400053847
2.135,0.0494239656039,-0.123587799379
2.136,0.04930028525,-0.123772380758
2.137,0.0491764218982,-0.123953794634
2.138,0.0490523787176,-0.124132037741
2.139,0.0489281588807,-0.124307106891
2.14,0.0488037655629,-0.124478998978
2.141,0.0486792019428,-0.124647710975
2.142,0.0485544712019,-0.124813239938
2.143,0.0484295765249,-0.124975583002
2.144,0.0483045210988,-0.125134737383
2.145,0.0481793081139,-0.125290700379
2.146,0.0480539407627,-0.125443469368
2.147,0.0479284222407,-0.125593041808
2.148,0.0478027557455,-0.12573941524
2.149,0.0476769444773,-0.125882587284
2.15,0.0475509916388,-0.126022555642
2.151,0.0474249004347,-0.126159318096
2.152,0.047298674072,-0.12629287251
2.153,0.0471723157597,-0.12642321683
2.154,0.047045828709,-0.12655034908
2.155,0.0469192161329,-0.126674267368
2.156,0.0467924812462,-0.126794969882
2.157,0.0466656272656,-0.126912454891
2.158,0.0465386574095,-0.127026720745
2.159,0.0464115748977,-0.127137765876
2.16,0.0462843829518,-0.127245588795
2.161,0.0461570847946,-0.127350188097
2.162,0.0460296836506,-0.127451562456
2.163,0.0459021827451,-0.127549710629
2.164,0.0457745853051,-0.127644631451
2.165,0.0456468945584,-0.127736323842
2.166,0.0455191137339,-0.1278247868
2.167,0.0453912460616,-0.127910019406
2.168,0.0452632947721,-0.127992020821
2.169,0.0451352630972,-0.128070790289
2.17,0.0450071542691,-0.128146327132
2.171,0.0448789715207,-0.128218630756
2.172,0.0447507180855,-0.128287700646
2.173,0.0446223971975,-0.128353536368
2.174,0.0444940120909,-0.128416137572
2.175,0.0443655660006,-0.128475503986
2.176,0.0442370621613,-0.128531635419
2.177,0.0441085038081,-0.128584531763
2.178,0.0439798941762,-0.128634192988
2.179,0.0438512365005,-0.128680619148
2.18,0.0437225340162,-0.128723810376
2.181,0.043593789958,-0.128763766886
2.182,0.0434650075605,-0.128800488972
2.183,0.0433361900581,-0.128833977011
2.184,0.0432073406844,-0.128864231459
2.185,0.0430784626728,-0.128891252853
2.186,0.0429495592562,-0.12891504181
2.187,0.0428206336665,-0.128935599028
2.188,0.0426916891351,-0.128952925287
2.189,0.0425627288926,-0.128967021444
2.19,0.0424337561686,-0.128977888441
2.191,0.0423047741918,-0.128985527295
2.192,0.0421757861897,-0.128989939109
2.193,0.0420467953888,-0.12899112506
2.194,0.0419178050144,-0.128989086411
2.195,0.0417888182904,-0.128983824502
2.196,0.0416598384394,-0.128975340753
2.197,0.0415308686824,-0.128963636665
2.198,0.041401912239,-0.128948713818
2.199,0.0412729723271,-0.128930573873
2.2,0.041144052163,-0.128909218569
2.201,0.0410151549611,-0.128884649726
2.202,0.0408862839341,-0.128856869243
2.203,0.0407574422926,-0.1288258791
2.204,0.0406286332451,-0.128791681354
2.205,0.0404998599983,-0.128754278143
2.206,0.0403711257566,-0.128713671683
2.207,0.040242433722,-0.128669864272
2.208,0.0401137870942,-0.128622858283
2.209,0.0399851890708,-0.128572656171
2.21,0.0398566428464,-0.128519260469
2.211,0.0397281516135,-0.128462673789
2.212,0.0395997185616,-0.128402898821
2.213,0.0394713468777,-0.128339938334
2.214,0.0393430397458,-0.128273795176
2.215,0.0392148003473,-0.128204472273
2.216,0.0390866318602,-0.12813197263
2.217,0.0389585374599,-0.128056299329
2.218,0.0388305203184,-0.12797745553
2.219,0.0387025836046,-0.127895444473
2.22,0.0385747304841,-0.127810269473
2.221,0.0384469641191,-0.127721933926
2.222,0.0383192876686,-0.127630441302
2.223,0.0381917042877,-0.127535795152
2.224,0.0380642171283,-0.127437999103
2.225,0.0379368293382,-0.127337056857
2.226,0.037809544062,-0.127232972197
2.227,0.03768236444,-0.127125748981
2.228,0.0375552936089,-0.127015391145
2.229,0.0374283347013,-0.126901902699
2.23,0.0373014908457,-0.126785287733
2.231,0.0371747651666,-0.126665550412
2.232,0.0370481607843,-0.126542694978
2.233,0.0369216808146,-0.126416725747
2.234,0.0367953283692,-0.126287647115
2.235,0.0366691065553,-0.126155463551
2.236,0.0365430184756,-0.1260201796
2.237,0.0364170672281,-0.125881799884
2.238,0.0362912559062,-0.1257403291
2.239,0.0361655875986,-0.125595772019
2.24,0.0360400653893,-0.12544813349
2.241,0.0359146923572,-0.125297418435
2.242,0.0357894715763,-0.125143631852
2.243,0.0356644061156,-0.124986778812
2.244,0.0355394990391,-0.124826864462
2.245,0.0354147534054,-0.124663894025
2.246,0.035290172268,-0.124497872795
2.247,0.0351657586749,-0.124328806142
2.248,0.035041515669,-0.124156699511
2.249,0.0349174462874,-0.123981558418
2.25,0.0347935535618,-0.123803388454
2.251,0.0346698405182,-0.123622195286
2.252,0.0345463101771,-0.123437984649
2.253,0.0344229655528,-0.123250762356
2.254,0.0342998096543,-0.12306053429
2.255,0.0341768454842,-0.122867306409
2.256,0.0340540760394,-0.122671084741
2.257,0.0339315043106,-0.122471875389
2.258,0.0338091332824,-0.122269684526
2.259,0.0336869659333,-0.1220645184
2.26,0.0335650052353,-0.121856383326
2.261,0.0334432541542,-0.121645285697
2.262,0.0333217156493,-0.121431231971
2.263,0.0332003926734,-0.121214228683
2.264,0.0330792881729,-0.120994282435
2.265,0.0329584050873,-0.120771399902
2.266,0.0328377463496,-0.12054558783
2.267,0.0327173148859,-0.120316853033
2.268,0.0325971136155,-0.120085202398
2.269,0.0324771454507,-0.119850642882
2.27,0.032357413297,-0.11961318151
2.271,0.0322379200526,-0.119372825379
2.272,0.0321186686088,-0.119129581653
2.273,0.0319996618494,-0.118883457567
2.274,0.0318809026513,-0.118634460425
2.275,0.0317623938838,-0.1183825976
2.276,0.0316441384089,-0.118127876533
2.277,0.031526139081,-0.117870304734
2.278,0.0314083987471,-0.117609889781
2.279,0.0312909202466,-0.11734663932
2.28,0.0311737064111,-0.117080561064
2.281,0.0310567600645,-0.116811662796
2.282,0.0309400840229,-0.116539952365
2.283,0.0308236810945,-0.116265437686
2.284,0.0307075540796,-0.115988126741
2.285,0.0305917057704,-0.115708027582
2.286,0.0304761389511,-0.115425148324
2.287,0.0303608563978,-0.11513949715
2.288,0.0302458608781,-0.114851082307
2.289,0.0301311551516,-0.11455991211
2.29,0.0300167419695,-0.114265994939
2.291,0.0299026240746,-0.113969339239
2.292,0.029788804201,-0.113669953519
2.293,0.0296752850747,-0.113367846355
2.294,0.0295620694126,-0.113063026386
2.295,0.0294491599233,-0.112755502316
2.296,0.0293365593064,-0.112445282914
2.297,0.029224270253,-0.11213237701
2.298,0.0291122954449,-0.111816793501
2.299,0.0290006375555,-0.111498541344
2.3,0.0288892992488,-0.111177629563
2.301,0.0287782831799,-0.110854067242
2.302,0.0286675919948,-0.110527863528
2.303,0.0285572283302,-0.110199027631
2.304,0.0284471948138,-0.109867568823
2.305,0.0283374940638,-0.109533496438
2.306,0.028228128689,-0.109196819871
2.307,0.0281191012889,-0.108857548579
2.308,0.0280104144536,-0.10851569208
2.309,0.0279020707633,-0.108171259951
2.31,0.027794072789,-0.107824261833
2.311,0.0276864230918,-0.107474707424
2.312,0.027579124223,-0.107122606485
2.313,0.0274721787244,-0.106767968833
2.314,0.0273655891276,-0.106410804349
2.315,0.0272593579546,-0.106051122969
2.316,0.0271534877173,-0.10568893469
2.317,0.0270479809175,-0.105324249568
2.318,0.0269428400471,-0.104957077717
2.319,0.0268380675876,-0.104587429309
2.32,0.0267336660106,-0.104215314573
2.321,0.0266296377772,-0.103840743796
2.322,0.0265259853382,-0.103463727324
2.323,0.0264227111343,-0.103084275558
2.324,0.0263198175954,-0.102702398956
2.325,0.0262173071411,-0.102318108033
2.326,0.0261151821806,-0.10193141336
2.327,0.0260134451121,-0.101542325563
2.328,0.0259120983236,-0.101150855325
2.329,0.0258111441921,-0.100757013383
2.33,0.0257105850838,-0.10036081053
2.331,0.0256104233543,-0.0999622576137
2.332,0.0255106613483,-0.0995613655348
2.333,0.0254113013993,-0.0991581452496
2.334,0.0253123458302,-0.0987526077674
2.335,0.0252137969525,-0.0983447641514
2.336,0.0251156570669,-0.097934625518
2.337,0.0250179284628,-0.0975222030362
2.338,0.0249206134184,-0.097107507928
2.339,0.0248237142007,-0.0966905514676
2.34,0.0247272330655,-0.0962713449809
2.341,0.024631172257,-0.0958498998461
2.342,0.0245355340082,-0.0954262274922
2.343,0.0244403205406,-0.0950003393998
2.344,0.0243455340641,-0.0945722470999
2.345,0.0242511767772,-0.0941419621742
2.346,0.0241572508668,-0.0937094962546
2.347,0.0240637585078,-0.0932748610227
2.348,0.0239707018639,-0.0928380682098
2.349,0.0238780830867,-0.0923991295964
2.35,0.023785904316,-0.0919580570118
2.351,0.02369416768,-0.091514862334
2.352,0.0236028752948,-0.0910695574893
2.353,0.0235120292644,-0.0906221544521
2.354,0.0234216316812,-0.0901726652442
2.355,0.0233316846253,-0.0897211019349
2.356,0.0232421901647,-0.0892674766405
2.357,0.0231531503553,-0.0888118015239
2.358,0.0230645672409,-0.0883540887945
2.359,0.0229764428528,-0.0878943507077
2.36,0.0228887792105,-0.0874325995646
2.361,0.0228015783206,-0.0869688477116
2.362,0.0227148421778,-0.0865031075405
2.363,0.0226285727642,-0.0860353914874
2.364,0.0225427720493,-0.0855657120331
2.365,0.0224574419904,-0.0850940817025
2.366,0.022372584532,-0.084620513064
2.367,0.0222882016062,-0.0841450187298
2.368,0.0222042951322,-0.0836676113549
2.369,0.0221208670169,-0.0831883036371
2.37,0.0220379191542,-0.0827071083166
2.371,0.0219554534252,-0.0822240381759
2.372,0.0218734716985,-0.081739106039
2.373,0.0217919758295,-0.0812523247713
2.374,0.021710967661,-0.0807637072796
2.375,0.0216304490227,-0.0802732665111
2.376,0.0215504217314,-0.0797810154535
2.377,0.0214708875909,-0.0792869671345
2.378,0.0213918483919,-0.0787911346217
2.379,0.021313305912,-0.0782935310219
2.38,0.0212352619158,-0.077794169481
2.381,0.0211577181546,-0.0772930631834
2.382,0.0210806763666,-0.0767902253521
2.383,0.0210041382767,-0.076285669248
2.384,0.0209281055965,-0.0757794081697
2.385,0.0208525800242,-0.0752714554528
2.386,0.020777563245,-0.0747618244702
2.387,0.0207030569303,-0.0742505286313
2.388,0.0206290627382,-0.0737375813817
2.389,0.0205555823135,-0.0732229962029
2.39,0.0204826172873,-0.072706786612
2.391,0.0204101692772,-0.0721889661613
2.392,0.0203382398874,-0.0716695484378
2.393,0.0202668307082,-0.0711485470631
2.394,0.0201959433166,-0.0706259756931
2.395,0.0201255792756,-0.0701018480172
2.396,0.0200557401347,-0.0695761777583
2.397,0.0199864274297,-0.0690489786725
2.398,0.0199176426824,-0.0685202645485
2.399,0.019849387401,-0.0679900492074
2.4,0.0197816630798,-0.0674583465022
2.401,0.0197144711991,-0.0669251703177
2.402,0.0196478132257,-0.0663905345697
2.403,0.0195816906119,-0.0658544532054
2.404,0.0195161047965,-0.065316940202
2.405,0.019451057204,-0.0647780095673
2.406,0.0193865492452,-0.0642376753386
2.407,0.0193225823165,-0.0636959515831
2.408,0.0192591578005,-0.0631528523967
2.409,0.0191962770655,-0.0626083919042
2.41,0.0191339414657,-0.0620625842589
2.411,0.0190721523413,-0.0615154436418
2.412,0.019010911018,-0.0609669842619
2.413,0.0189502188076,-0.0604172203552
2.414,0.0188900770074,-0.0598661661848
2.415,0.0188304869006,-0.0593138360402
2.416,0.0187714497559,-0.0587602442372
2.417,0.0187129668279,-0.0582054051174
2.418,0.0186550393566,-0.0576493330477
2.419,0.018597668568,-0.0570920424203
2.42,0.0185408556732,-0.0565335476519
2.421,0.0184846018692,-0.0559738631836
2.422,0.0184289083386,-0.0554130034804
2.423,0.0183737762492,-0.0548509830312
2.424,0.0183192067546,-0.0542878163476
2.425,0.0182652009937,-0.0537235179645
2.426,0.018211760091,-0.053158102439
2.427,0.0181588851564,-0.0525915843505
2.428,0.018106577285,-0.0520239783
2.429,0.0180548375575,-0.0514552989098
2.43,0.0180036670401,-0.0508855608233
2.431,0.0179530667839,-0.0503147787045
2.432,0.0179030378258,-0.0497429672376
2.433,0.0178535811877,-0.0491701411267
2.434,0.0178046978768,-0.0485963150952
2.435,0.0177563888859,-0.0480215038858
2.436,0.0177086551925,-0.0474457222599
2.437,0.0176614977599,-0.0468689849972
2.438,0.0176149175362,-0.0462913068954
2.439,0.0175689154548,-0.0457127027698
2.44,0.0175234924343,-0.045133187453
2.441,0.0174786493786,-0.0445527757941
2.442,0.0174343871766,-0.0439714826592
2.443,0.0173907067022,-0.0433893229301
2.444,0.0173476088146,-0.0428063115045
2.445,0.0173050943581,-0.0422224632952
2.446,0.017263164162,-0.0416377932302
2.447,0.0172218190406,-0.0410523162519
2.448,0.0171810597935,-0.0404660473171
2.449,0.017140887205,-0.0398790013962
2.45,0.0171013020447,-0.0392911934731
2.451,0.017062305067,-0.0387026385447
2.452,0.0170238970116,-0.0381133516209
2.453,0.0169860786028,-0.0375233477234
2.454,0.0169488505501,-0.0369326418861
2.455,0.016912213548,-0.0363412491544
2.456,0.0168761682758,-0.0357491845848
2.457,0.0168407153977,-0.0351564632447
2.458,0.0168058555632,-0.0345631002117
2.459,0.0167715894062,-0.0339691105735
2.46,0.0167379175458,-0.0333745094276
2.461,0.0167048405861,-0.0327793118803
2.462,0.0166723591159,-0.0321835330473
2.463,0.0166404737088,-0.0315871880524
2.464,0.0166091849234,-0.0309902920276
2.465,0.0165784933033,-0.0303928601128
2.466,0.0165483993768,-0.0297949074549
2.467,0.0165189036569,-0.0291964492081
2.468,0.0164900066418,-0.028597500533
2.469,0.0164617088143,-0.0279980765964
2.47,0.016434010642,-0.0273981925709
2.471,0.0164069125775,-0.0267978636347
2.472,0.016380415058,-0.0261971049707
2.473,0.0163545185057,-0.0255959317669
2.474,0.0163292233276,-0.0249943592153
2.475,0.0163045299153,-0.0243924025119
2.476,0.0162804386455,-0.0237900768561
2.477,0.0162569498795,-0.0231873974507
2.478,0.0162340639635,-0.0225843795011
2.479,0.0162117812283,-0.0219810382149
2.48,0.0161901019898,-0.0213773888021
2.481,0.0161690265483,-0.0207734464741
2.482,0.0161485551894,-0.0201692264434
2.483,0.0161286881829,-0.0195647439237
2.484,0.0161094257839,-0.0189600141288
2.485,0.016090768232,-0.0183550522729
2.486,0.0160727157517,-0.0177498735698
2.487,0.0160552685521,-0.0171444932325
2.488,0.0160384268274,-0.0165389264733
2.489,0.0160221907562,-0.0159331885027
2.49,0.0160065605024,-0.0153272945296
2.491,0.0159915362141,-0.0147212597607
2.492,0.0159771180247,-0.0141150994001
2.493,0.0159633060521,-0.0135088286489
2.494,0.0159501003991,-0.0129024627051
2.495,0.0159375011534,-0.0122960167628
2.496,0.0159255083872,-0.011689506012
2.497,0.0159141221579,-0.0110829456384
2.498,0.0159033425074,-0.0104763508228
2.499,0.0158931694627,-0.00986973674078
2.5,0.0158836030353,-0.00926311856227
2.501,0.0158746432218,-0.00865651145134
2.502,0.0158662900037,-0.00804993056568
2.503,0.0158585433469,-0.00744339105625
2.504,0.0158514032027,-0.00683690806692
2.505,0.0158448695069,-0.00623049673412
2.506,0.0158389421803,-0.0056241721864
2.507,0.0158336211286,-0.0050179495441
2.508,0.0158289062422,-0.00441184391898
2.509,0.0158247973967,-0.00380587041381
2.51,0.0158212944523,-0.00320004412204
2.511,0.0158183972543,-0.00259438012738
2.512,0.0158161056329,-0.00198889350349
2.513,0.0158144194032,-0.00138359931351
2.514,0.0158133383651,-0.000778512609803
2.515,0.0158128623038,-0.000173648433493
2.516,0.0158129909891,0.000430978185863
2.517,0.015813724176,0.00103535223066
2.518,0.0158150616044,0.0016394586956
2.519,0.0158170029992,0.0022432825881
2.52,0.0158195480703,0.0028468089286
2.521,0.0158226965129,0.003450022751
2.522,0.0158264480067,0.00405290910298
2.523,0.0158308022169,0.00465545304639
2.524,0.0158357587937,0.00525763965761
2.525,0.0158413173722,0.00585945402792
2.526,0.0158474775727,0.00646088126387
2.527,0.0158542390007,0.00706190648764
2.528,0.0158616012467,0.0076625148374
2.529,0.0158695638864,0.0082626914677
2.53,0.0158781264808,0.00886242154981
2.531,0.0158872885758,0.00946169027209
2.532,0.0158970497026,0.0100604828404
2.533,0.0159074093778,0.0106587844782
2.534,0.015918367103,0.0112565804275
2.535,0.0159299223652,0.0118538559486
2.536,0.0159420746365,0.0124505963208
2.537,0.0159548233745,0.0130467868425
2.538,0.015968168022,0.0136424128319
2.539,0.0159821080071,0.0142374596272
2.54,0.0159966427433,0.0148319125868
2.541,0.0160117716295,0.0154257570898
2.542,0.0160274940498,0.0160189785366
2.543,0.016043809374,0.0166115623487
2.544,0.0160607169571,0.0172034939695
2.545,0.0160782161397,0.0177947588645
2.546,0.0160963062478,0.0183853425218
2.547,0.0161149865928,0.0189752304522
2.548,0.0161342564719,0.0195644081897
2.549,0.0161541151677,0.0201528612919
2.55,0.0161745619482,0.0207405753401
2.551,0.0161955960672,0.0213275359402
2.552,0.0162172167641,0.0219137287222
2.553,0.0162394232639,0.0224991393416
2.554,0.0162622147773,0.0230837534786
2.555,0.0162855905006,0.0236675568396
2.556,0.016309549616,0.0242505351565
2.557,0.0163340912912,0.0248326741879
2.558,0.0163592146798,0.0254139597188
2.559,0.0163849189214,0.0259943775614
2.56,0.016411203141,0.0265739135551
2.561,0.0164380664498,0.0271525535672
2.562,0.0164655079448,0.0277302834929
2.563,0.0164935267088,0.0283070892558
2.564,0.0165221218106,0.0288829568083
2.565,0.016551292305,0.0294578721318
2.566,0.0165810372328,0.0300318212372
2.567,0.0166113556207,0.0306047901651
2.568,0.0166422464817,0.031176764986
2.569,0.0166737088147,0.0317477318011
2.57,0.0167057416047,0.0323176767423
2.571,0.0167383438229,0.0328865859723
2.572,0.0167715144268,0.0334544456857
2.573,0.0168052523599,0.0340212421085
2.574,0.016839556552,0.0345869614988
2.575,0.0168744259193,0.0351515901473
2.576,0.0169098593642,0.0357151143773
2.577,0.0169458557754,0.0362775205453
2.578,0.016982414028,0.036838795041
2.579,0.0170195329837,0.037398924288
2.58,0.0170572114903,0.0379578947439
2.581,0.0170954483824,0.0385156929008
2.582,0.0171342424809,0.0390723052852
2.583,0.0171735925932,0.0396277184589
2.584,0.0172134975136,0.040181919019
2.585,0.0172539560226,0.0407348935983
2.586,0.0172949668877,0.0412866288653
2.587,0.0173365288628,0.0418371115252
2.588,0.0173786406888,0.0423863283196
2.589,0.0174213010931,0.0429342660272
2.59,0.0174645087901,0.0434809114637
2.591,0.0175082624809,0.0440262514826
2.592,0.0175525608535,0.0445702729752
2.593,0.017597402583,0.0451129628711
2.594,0.0176427863311,0.0456543081382
2.595,0.0176887107467,0.0461942957835
2.596,0.0177351744658,0.0467329128528
2.597,0.0177821761112,0.0472701464316
2.598,0.0178297142932,0.0478059836451
2.599,0.0178777876088,0.0483404116585
2.6,0.0179263946425,0.0488734176773
2.601,0.0179755339659,0.0494049889478
2.602,0.0180252041379,0.0499351127571
2.603,0.0180754037047,0.0504637764337
2.604,0.0181261311998,0.0509909673477
2.605,0.0181773851443,0.0515166729108
2.606,0.0182291640464,0.0520408805772
2.607,0.018281466402,0.0525635778433
2.608,0.0183342906944,0.0530847522484
2.609,0.0183876353947,0.0536043913747
2.61,0.0184414989613,0.054122482848
2.611,0.0184958798404,0.0546390143375
2.612,0.0185507764659,0.0551539735563
2.613,0.0186061872593,0.0556673482618
2.614,0.0186621106302,0.0561791262561
2.615,0.0187185449756,0.0566892953857
2.616,0.0187754886806,0.0571978435425
2.617,0.0188329401183,0.0577047586635
2.618,0.0188908976496,0.0582100287315
2.619,0.0189493596234,0.0587136417753
2.62,0.0190083243768,0.0592155858696
2.621,0.0190677902349,0.059715849136
2.622,0.0191277555109,0.0602144197424
2.623,0.0191882185062,0.0607112859042
2.624,0.0192491775106,0.0612064358838
2.625,0.019310630802,0.0616998579913
2.626,0.0193725766468,0.0621915405846
2.627,0.0194350132995,0.0626814720699
2.628,0.0194979390033,0.0631696409016
2.629,0.0195613519899,0.0636560355829
2.63,0.0196252504793,0.0641406446658
2.631,0.0196896326802,0.0646234567518
2.632,0.01975449679,0.0651044604916
2.633,0.0198198409947,0.0655836445857
2.634,0.0198856634689,0.0660609977847
2.635,0.0199519623762,0.0665365088894
2.636,0.0200187358689,0.067010166751
2.637,0.0200859820883,0.0674819602717
2.638,0.0201536991643,0.0679518784046
2.639,0.0202218852163,0.0684199101542
2.64,0.0202905383522,0.0688860445763
2.641,0.0203596566694,0.0693502707788
2.642,0.0204292382541,0.0698125779215
2.643,0.0204992811819,0.0702729552166
2.644,0.0205697835176,0.0707313919286
2.645,0.0206407433153,0.0711878773751
2.646,0.0207121586184,0.0716424009266
2.647,0.0207840274597,0.0720949520069
2.648,0.0208563478614,0.0725455200934
2.649,0.0209291178354,0.0729940947172
2.65,0.0210023353829,0.0734406654633
2.651,0.0210759984949,0.0738852219712
2.652,0.021150105152,0.0743277539347
2.653,0.0212246533245,0.0747682511024
2.654,0.0212996409726,0.0752067032779
2.655,0.021375066046,0.07564310032
2.656,0.0214509264848,0.0760774321427
2.657,0.0215272202186,0.0765096887159
2.658,0.0216039451671,0.0769398600654
2.659,0.0216810992403,0.0773679362728
2.66,0.021758680338,0.0777939074764
2.661,0.0218366863503,0.0782177638709
2.662,0.0219151151576,0.0786394957078
2.663,0.0219939646303,0.0790590932955
2.664,0.0220732326295,0.0794765469998
2.665,0.0221529170065,0.0798918472437
2.666,0.022233015603,0.0803049845082
2.667,0.0223135262514,0.0807159493319
2.668,0.0223944467744,0.0811247323115
2.669,0.0224757749856,0.0815313241021
2.67,0.0225575086891,0.0819357154172
2.671,0.0226396456799,0.0823378970292
2.672,0.0227221837435,0.0827378597691
2.673,0.0228051206567,0.0831355945275
2.674,0.0228884541869,0.0835310922538
2.675,0.0229721820926,0.0839243439573
2.676,0.0230563021232,0.084315340707
2.677,0.0231408120194,0.0847040736316
2.678,0.0232257095129,0.0850905339201
2.679,0.0233109923268,0.085474712822
2.68,0.0233966581752,0.0858566016469
2.681,0.0234827047638,0.0862361917655
2.682,0.0235691297896,0.0866134746093
2.683,0.0236559309411,0.0869884416708
2.684,0.0237431058982,0.0873610845038
2.685,0.0238306523326,0.0877313947236
2.686,0.0239185679074,0.0880993640073
2.687,0.0240068502775,0.0884649840936
2.688,0.0240954970897,0.0888282467834
2.689,0.0241845059826,0.0891891439398
2.69,0.0242738745864,0.089547667488
2.691,0.0243636005237,0.0899038094162
2.692,0.0244536814087,0.090257561775
2.693,0.0245441148481,0.0906089166781
2.694,0.0246348984403,0.090957866302
2.695,0.0247260297763,0.0913044028869
2.696,0.0248175064392,0.091648518736
2.697,0.0249093260043,0.0919902062162
2.698,0.0250014860396,0.0923294577583
2.699,0.0250939841054,0.0926662658569
2.7,0.0251868177544,0.0930006230706
2.701,0.0252799845321,0.0933325220224
2.702,0.0253734819766,0.0936619553996
2.703,0.0254673076186,0.093988915954
2.704,0.0255614589818,0.0943133965022
2.705,0.0256559335826,0.0946353899256
2.706,0.0257507289303,0.0949548891708
2.707,0.0258458425272,0.0952718872492
2.708,0.0259412718687,0.0955863772378
2.709,0.0260370144433,0.095898352279
2.71,0.0261330677327,0.0962078055808
2.711,0.0262294292117,0.0965147304168
2.712,0.0263260963485,0.0968191201267
2.713,0.0264230666047,0.0971209681162
2.714,0.0265203374353,0.097420267857
2.715,0.0266179062888,0.0977170128872
2.716,0.0267157706074,0.0980111968115
2.717,0.0268139278266,0.0983028133009
2.718,0.0269123753761,0.0985918560933
2.719,0.0270111106789,0.0988783189932
2.72,0.0271101311521,0.0991621958725
2.721,0.0272094342066,0.0994434806697
2.722,0.0273090172474,0.0997221673908
2.723,0.0274088776734,0.0999982501091
2.724,0.0275090128776,0.100271722965
2.725,0.0276094202474,0.100542580168
2.726,0.0277100971642,0.100810815992
2.727,0.0278110410037,0.101076424782
2.728,0.0279122491362,0.101339400951
2.729,0.0280137189262,0.101599738976
2.73,0.0281154477329,0.101857433407
2.731,0.02821743291,0.10211247886
2.732,0.0283196718059,0.102364870018
2.733,0.0284221617636,0.102614601636
2.734,0.0285249001209,0.102861668534
2.735,0.0286278842107,0.103106065603
2.736,0.0287311113605,0.103347787802
2.737,0.028834578893,0.103586830159
2.738,0.0289382841259,0.10382318777
2.739,0.029042224372,0.104056855802
2.74,0.0291463969394,0.10428782949
2.741,0.0292507991313,0.104516104138
2.742,0.0293554282464,0.10474167512
2.743,0.0294602815788,0.104964537878
2.744,0.029565356418,0.105184687926
2.745,0.029670650049,0.105402120846
2.746,0.0297761597525,0.10561683229
2.747,0.029881882805,0.105828817978
2.748,0.0299878164785,0.106038073704
2.749,0.030093958041,0.106244595328
2.75,0.0302003047564,0.106448378781
2.751,0.0303068538845,0.106649420066
2.752,0.0304136026812,0.106847715253
2.753,0.0305205483983,0.107043260485
2.754,0.0306276882842,0.107236051974
2.755,0.0307350195831,0.107426086002
2.756,0.0308425395358,0.107613358922
2.757,0.0309502453794,0.107797867157
2.758,0.0310581343474,0.107979607202
2.759,0.0311662036699,0.108158575621
2.76,0.0312744505737,0.108334769048
2.761,0.0313828722819,0.108508184191
2.762,0.0314914660149,0.108678817824
2.763,0.0316002289894,0.108846666797
2.764,0.0317091584192,0.109011728026
2.765,0.0318182515152,0.109173998501
2.766,0.031927505485,0.109333475283
2.767,0.0320369175335,0.109490155502
2.768,0.0321464848629,0.109644036361
2.769,0.0322562046722,0.109795115133
2.77,0.0323660741582,0.109943389162
2.771,0.0324760905148,0.110088855864
2.772,0.0325862509333,0.110231512726
2.773,0.0326965526028,0.110371357305
2.774,0.0328069927097,0.110508387232
2.775,0.0329175684383,0.110642600205
2.776,0.0330282769704,0.110773993999
2.777,0.0331391154858,0.110902566455
2.778,0.0332500811622,0.111028315488
2.779,0.033361171175,0.111151239085
2.78,0.0334723826979,0.111271335302
2.781,0.0335837129025,0.11138860227
2.782,0.0336951589587,0.111503038188
2.783,0.0338067180346,0.111614641327
2.784,0.0339183872966,0.111723410032
2.785,0.0340301639094,0.111829342718
2.786,0.0341420450362,0.11193243787
2.787,0.0342540278388,0.112032694047
2.788,0.0343661094775,0.112130109878
2.789,0.0344782871113,0.112224684064
2.79,0.034590557898,0.112316415378
2.791,0.0347029189941,0.112405302664
2.792,0.0348153675549,0.112491344837
2.793,0.034927900735,0.112574540884
2.794,0.0350405156877,0.112654889865
2.795,0.0351532095654,0.11273239091
2.796,0.0352659795199,0.11280704322
2.797,0.035378822702,0.112878846069
2.798,0.035491736262,0.112947798802
2.799,0.0356047173494,0.113013900834
2.8,0.0357177631133,0.113077151655
2.801,0.0358308707022,0.113137550822
2.802,0.0359440372643,0.113195097968
2.803,0.0360572599473,0.113249792794
2.804,0.036170535899,0.113301635073
2.805,0.0362838622666,0.113350624651
2.806,0.0363972361974,0.113396761444
2.807,0.0365106548385,0.11344004544
2.808,0.0366241153373,0.113480476697
2.809,0.0367376148411,0.113518055347
2.81,0.0368511504972,0.11355278159
2.811,0.0369647194535,0.113584655699
2.812,0.037078318858,0.113613678019
2.813,0.0371919458591,0.113639848964
2.814,0.0373055976056,0.113663169021
2.815,0.037419271247,0.113683638746
2.816,0.0375329639332,0.113701258769
2.817,0.0376466728149,0.113716029787
2.818,0.0377603950434,0.113727952573
2.819,0.0378741277709,0.113737027965
2.82,0.0379878681505,0.113743256878
2.821,0.0381016133362,0.113746640292
2.822,0.0382153604829,0.113747179261
2.823,0.0383291067469,0.113744874911
2.824,0.0384428492854,0.113739728434
2.825,0.0385565852568,0.113731741097
2.826,0.0386703118211,0.113720914235
2.827,0.0387840261393,0.113707249255
2.828,0.038897725374,0.113690747633
2.829,0.0390114066895,0.113671410916
2.83,0.0391250672514,0.113649240721
2.831,0.039238704227,0.113624238735
2.832,0.0393523147855,0.113596406716
2.833,0.0394658960977,0.113565746491
2.834,0.0395794453364,0.113532259958
2.835,0.0396929596762,0.113495949083
2.836,0.0398064362938,0.113456815905
2.837,0.0399198723679,0.11341486253
2.838,0.0400332650795,0.113370091134
2.839,0.0401466116116,0.113322503963
2.84,0.0402599091496,0.113272103334
2.841,0.0403731548812,0.11321889163
2.842,0.0404863459966,0.113162871306
2.843,0.0405994796885,0.113104044886
2.844,0.0407125531519,0.113042414961
2.845,0.0408255635848,0.112977984195
2.846,0.0409385081876,0.112910755316
2.847,0.0410513841636,0.112840731126
2.848,0.041164188719,0.112767914491
2.849,0.0412769190628,0.112692308348
2.85,0.0413895724069,0.112613915704
2.851,0.0415021459664,0.112532739632
2.852,0.0416146369594,0.112448783273
2.853,0.0417270426072,0.112362049838
2.854,0.0418393601344,0.112272542607
2.855,0.0419515867689,0.112180264924
2.856,0.0420637197419,0.112085220206
2.857,0.0421757562882,0.111987411933
2.858,0.0422876936458,0.111886843657
2.859,0.0423995290567,0.111783518993
2.86,0.0425112597662,0.111677441628
2.861,0.0426228830236,0.111568615313
2.862,0.0427343960818,0.111457043869
2.863,0.0428457961976,0.111342731181
2.864,0.0429570806317,0.111225681203
2.865,0.0430682466489,0.111105897956
2.866,0.0431792915179,0.110983385526
2.867,0.0432902125116,0.110858148067
2.868,0.0434010069071,0.110730189799
2.869,0.0435116719857,0.11059951501
2.87,0.0436222050331,0.11046612805
2.871,0.0437326033392,0.110330033339
2.872,0.0438428641987,0.110191235362
2.873,0.0439529849104,0.110049738669
2.874,0.044062962778,0.109905547875
2.875,0.0441727951097,0.109758667663
2.876,0.0442824792184,0.109609102779
2.877,0.0443920124219,0.109456858035
2.878,0.0445013920428,0.109301938308
2.879,0.0446106154085,0.10914434854
2.88,0.0447196798515,0.108984093738
2.881,0.0448285827094,0.108821178974
2.882,0.0449373213245,0.108655609382
2.883,0.0450458930449,0.108487390164
2.884,0.0451542952234,0.108316526583
2.885,0.0452625252184,0.108143023968
2.886,0.0453705803935,0.107966887711
2.887,0.0454784581178,0.107788123268
2.888,0.0455861557658,0.107606736157
2.889,0.0456936707177,0.107422731962
2.89,0.0458010003592,0.107236116328
2.891,0.0459081420818,0.107046894964
2.892,0.0460150932825,0.106855073642
2.893,0.0461218513644,0.106660658197
2.894,0.0462284137362,0.106463654524
2.895,0.0463347778126,0.106264068583
2.896,0.0464409410146,0.106061906396
2.897,0.0465469007687,0.105857174045
2.898,0.046652654508,0.105649877677
2.899,0.0467581996715,0.105440023497
2.9,0.0468635337045,0.105227617774
2.901,0.0469686540586,0.105012666837
2.902,0.0470735581919,0.104795177078
2.903,0.0471782435686,0.104575154947
2.904,0.0472827076598,0.104352606956
2.905,0.0473869479428,0.104127539679
2.906,0.0474909619016,0.103899959748
2.907,0.047594747027,0.103669873857
2.908,0.0476983008163,0.103437288759
2.909,0.0478016207737,0.103202211267
2.91,0.0479047044103,0.102964648252
2.911,0.048007549244,0.102724606648
2.912,0.0481101527997,0.102482093445
2.913,0.0482125126094,0.102237115693
2.914,0.0483146262119,0.101989680501
2.915,0.0484164911536,0.101739795037
2.916,0.0485181049877,0.101487466526
2.917,0.0486194652747,0.101232702252
2.918,0.0487205695827,0.100975509557
2.919,0.0488214154868,0.100715895841
2.92,0.0489220005699,0.100453868562
2.921,0.0490223224219,0.100189435232
2.922,0.0491223786408,0.0999226034256
2.923,0.0492221668318,0.09965338077
2.924,0.049321684608,0.0993817749507
2.925,0.0494209295899,0.0991077937096
2.926,0.0495198994062,0.0988314448449
2.927,0.049618591693,0.0985527362108
2.928,0.0497170040946,0.0982716757173
2.929,0.0498151342632,0.09798827133
2.93,0.0499129798587,0.09770253107
2.931,0.0500105385494,0.0974144630134
2.932,0.0501078080115,0.0971240752916
2.933,0.0502047859295,0.0968313760904
2.934,0.0503014699959,0.0965363736501
2.935,0.0503978579118,0.0962390762656
2.936,0.0504939473863,0.0959394922854
2.937,0.0505897361369,0.0956376301122
2.938,0.0506852218899,0.0953334982021
2.939,0.0507804023796,0.0950271050645
2.94,0.0508752753491,0.0947184592621
2.941,0.0509698385501,0.0944075694103
2.942,0.0510640897428,0.0940944441772
2.943,0.0511580266962,0.0937790922834
2.944,0.0512516471881,0.0934615225015
2.945,0.0513449490049,0.0931417436561
2.946,0.051437929942,0.0928197646237
2.947,0.0515305878037,0.0924955943318
2.948,0.0516229204032,0.0921692417595
2.949,0.0517149255628,0.0918407159367
2.95,0.0518066011137,0.0915100259439
2.951,0.0518979448964,0.0911771809123
2.952,0.0519889547603,0.0908421900231
2.953,0.0520796285642,0.0905050625077
2.954,0.0521699641762,0.0901658076468
2.955,0.0522599594735,0.0898244347711
2.956,0.0523496123428,0.0894809532601
2.957,0.0524389206803,0.0891353725424
2.958,0.0525278823913,0.0887877020952
2.959,0.0526164953911,0.0884379514444
2.96,0.052704757604,0.0880861301638
2.961,0.0527926669644,0.0877322478753
2.962,0.052880221416,0.0873763142484
2.963,0.0529674189123,0.087018339
2.964,0.0530542574167,0.0866583318941
2.965,0.0531407349021,0.0862963027417
2.966,0.0532268493514,0.0859322614004
2.967,0.0533125987575,0.085566217774
2.968,0.0533979811229,0.0851981818126
2.969,0.0534829944603,0.084828163512
2.97,0.0535676367925,0.0844561729135
2.971,0.0536519061521,0.0840822201038
2.972,0.053735800582,0.0837063152145
2.973,0.0538193181352,0.0833284684221
2.974,0.0539024568749,0.0829486899474
2.975,0.0539852148746,0.0825669900554
2.976,0.054067590218,0.0821833790552
2.977,0.0541495809991,0.0817978672994
2.978,0.0542311853225,0.0814104651839
2.979,0.0543124013029,0.081021183148
2.98,0.0543932270656,0.0806300316734
2.981,0.0544736607466,0.0802370212846
2.982,0.0545537004921,0.0798421625483
2.983,0.0546333444591,0.0794454660731
2.984,0.0547125908152,0.0790469425095
2.985,0.0547914377386,0.0786466025491
2.986,0.0548698834184,0.078244456925
2.987,0.0549479260542,0.0778405164107
2.988,0.0550255638565,0.0774347918206
2.989,0.0551027950468,0.0770272940093
2.99,0.0551796178571,0.0766180338712
2.991,0.0552560305307,0.0762070223407
2.992,0.0553320313217,0.0757942703913
2.993,0.055407618495,0.0753797890357
2.994,0.0554827903269,0.0749635893256
2.995,0.0555575451046,0.074545682351
2.996,0.0556318811263,0.0741260792403
2.997,0.0557057967014,0.0737047911597
2.998,0.0557792901507,0.0732818293132
2.999,0.0558523598059,0.072857204942
3,0.0559250040101,0.0724309293245
3.001,0.0559972211179,0.0720030137758
3.002,0.0560690094948,0.0715734696475
3.003,0.0561403675181,0.0711423083273
3.004,0.0562112935762,0.0707095412388
3.005,0.0562817860691,0.0702751798411
3.006,0.0563518434083,0.0698392356288
3.007,0.0564214640166,0.0694017201311
3.008,0.0564906463286,0.0689626449123
3.009,0.0565593887904,0.0685220215706
3.01,0.0566276898596,0.0680798617386
3.011,0.0566955480056,0.0676361770826
3.012,0.0567629617094,0.0671909793021
3.013,0.0568299294638,0.0667442801301
3.014,0.0568964497731,0.0662960913322
3.015,0.0569625211538,0.0658464247065
3.016,0.0570281421339,0.0653952920835
3.017,0.0570933112533,0.0649427053255
3.018,0.0571580270638,0.0644886763265
3.019,0.0572222881291,0.0640332170116
3.02,0.057286093025,0.063576339337
3.021,0.057349440339,0.0631180552895
3.022,0.0574123286708,0.0626583768865
3.023,0.057474756632,0.0621973161752
3.024,0.0575367228464,0.0617348852326
3.025,0.0575982259498,0.0612710961651
3.026,0.0576592645901,0.0608059611082
3.027,0.0577198374274,0.0603394922262
3.028,0.057779943134,0.059871701712
3.029,0.0578395803943,0.0594026017865
3.03,0.0578987479052,0.0589322046984
3.031,0.0579574443754,0.0584605227241
3.032,0.0580156685264,0.0579875681671
3.033,0.0580734190917,0.0575133533579
3.034,0.0581306948172,0.0570378906533
3.035,0.0581874944612,0.0565611924366
3.036,0.0582438167943,0.0560832711169
3.037,0.0582996605998,0.0556041391291
3.038,0.0583550246732,0.0551238089332
3.039,0.0584099078225,0.0546422930141
3.04,0.0584643088682,0.0541596038816
3.041,0.0585182266433,0.0536757540696
3.042,0.0585716599936,0.0531907561361
3.043,0.0586246077771,0.0527046226628
3.044,0.0586770688646,0.0522173662547
3.045,0.0587290421395,0.0517289995398
3.046,0.0587805264978,0.0512395351688
3.047,0.0588315208482,0.0507489858148
3.048,0.058882024112,0.0502573641731
3.049,0.0589320352233,0.0497646829604
3.05,0.058981553129,0.0492709549152
3.051,0.0590305767885,0.0487761927966
3.052,0.0590791051741,0.048280409385
3.053,0.0591271372711,0.0477836174806
3.054,0.0591746720772,0.0472858299043
3.055,0.0592217086033,0.0467870594962
3.056,0.0592682458729,0.0462873191163
3.057,0.0593142829225,0.0457866216434
3.058,0.0593598188014,0.0452849799752
3.059,0.059404852572,0.0447824070278
3.06,0.0594493833094,0.0442789157354
3.061,0.0594934101017,0.04377451905
3.062,0.05953693205,0.0432692299411
3.063,0.0595799482684,0.0427630613952
3.064,0.059622457884,0.0422560264158
3.065,0.0596644600368,0.0417481380226
3.066,0.0597059538799,0.0412394092515
3.067,0.0597469385795,0.0407298531544
3.068,0.0597874133148,0.0402194827983
3.069,0.059827377278,0.0397083112656
3.07,0.0598668296746,0.0391963516535
3.071,0.059905769723,0.0386836170735
3.072,0.0599441966548,0.0381701206513
3.073,0.0599821097147,0.0376558755263
3.074,0.0600195081607,0.0371408948516
3.075,0.0600563912637,0.0366251917933
3.076,0.0600927583079,0.0361087795301
3.077,0.0601286085907,0.0355916712534
3.078,0.0601639414228,0.0350738801667
3.079,0.0601987561278,0.0345554194852
3.08,0.060233052043,0.0340363024355
3.081,0.0602668285183,0.0335165422555
3.082,0.0603000849175,0.0329961521937
3.083,0.0603328206172,0.0324751455092
3.084,0.0603650350074,0.0319535354712
3.085,0.0603967274914,0.0314313353584
3.086,0.0604278974859,0.0309085584593
3.087,0.0604585444205,0.0303852180713
3.088,0.0604886677386,0.0298613275007
3.089,0.0605182668966,0.029336900062
3.09,0.0605473413642,0.028811949078
3.091,0.0605758906247,0.0282864878793
3.092,0.0606039141743,0.0277605298037
3.093,0.0606314115231,0.0272340881962
3.094,0.060658382194,0.0267071764086
3.095,0.0606848257236,0.0261798077991
3.096,0.0607107416618,0.0256519957319
3.097,0.0607361295717,0.025123753577
3.098,0.06076098903,0.0245950947098
3.099,0.0607853196267,0.0240660325107
3.1,0.0608091209651,0.023536580365
3.101,0.0608323926619,0.0230067516621
3.102,0.0608551343473,0.0224765597957
3.103,0.0608773456649,0.0219460181633
3.104,0.0608990262716,0.0214151401654
3.105,0.0609201758376,0.020883939206
3.106,0.0609407940468,0.0203524286914
3.107,0.0609608805963,0.0198206220307
3.108,0.0609804351966,0.0192885326346
3.109,0.0609994575718,0.0187561739159
3.11,0.0610179474591,0.0182235592884
3.111,0.0610359046095,0.0176907021673
3.112,0.0610533287871,0.0171576159682
3.113,0.0610702197696,0.0166243141072
3.114,0.0610865773479,0.0160908100004
3.115,0.0611024013266,0.0155571170637
3.116,0.0611176915236,0.015023248712
3.117,0.06113244777,0.0144892183597
3.118,0.0611466699107,0.0139550394195
3.119,0.0611603578038,0.0134207253027
3.12,0.0611735113208,0.0128862894185
3.121,0.0611861303465,0.0123517451737
3.122,0.0611982147795,0.0118171059726
3.123,0.0612097645313,0.0112823852165
3.124,0.0612207795272,0.0107475963033
3.125,0.0612312597056,0.0102127526272
3.126,0.0612412050186,0.00967786757865
3.127,0.0612506154315,0.00914295454349
3.128,0.0612594909229,0.00860802690308
3.129,0.0612678314849,0.00807309803375
3.13,0.061275637123,0.0075381813065
3.131,0.061282907856,0.0070032900867
3.132,0.0612896437161,0.00646843773373
3.133,0.0612958447489,0.00593363760065
3.134,0.0613015110132,0.00539890303388
3.135,0.0613066425812,0.00486424737286
3.136,0.0613112395386,0.00432968394972
3.137,0.0613153019843,0.00379522608896
3.138,0.0613188300305,0.00326088710712
3.139,0.0613218238026,0.00272668031242
3.14,0.0613242834396,0.00219261900448
3.141,0.0613262090935,0.00165871647394
3.142,0.0613276009299,0.00112498600217
3.143,0.0613284591273,0.000591440860932
3.144,0.0613287838778,5.80943120381e-05
3.145,0.0613285753865,-0.000475040392963
3.146,0.061327833872,-0.00100795001312
3.147,0.061326559566,-0.00154062131839
3.148,0.0613247527132,-0.00207304109
3.149,0.061322413572,-0.00260519612073
3.15,0.0613195424136,-0.00313707321528
3.151,0.0613161395226,-0.00366865919054
3.152,0.0613122051967,-0.004199940876
3.153,0.0613077397467,-0.00473090511396
3.154,0.0613027434967,-0.00526153875998
3.155,0.0612972167838,-0.00579182868308
3.156,0.0612911599582,-0.00632176176618
3.157,0.0612845733835,-0.00685132490632
3.158,0.0612774574361,-0.00738050501506
3.159,0.0612698125055,-0.00790928901873
3.16,0.0612616389945,-0.00843766385883
3.161,0.0612529373186,-0.00896561649228
3.162,0.0612437079066,-0.00949313389178
3.163,0.0612339512002,-0.0100202030461
3.164,0.0612236676542,-0.0105468109605
3.165,0.0612128577363,-0.0110729446569
3.166,0.0612015219273,-0.0115985911741
3.167,0.0611896607207,-0.0121237375686
3.168,0.0611772746232,-0.0126483709144
3.169,0.0611643641542,-0.0131724783034
3.17,0.0611509298462,-0.013696046846
3.171,0.0611369722444,-0.014219063671
3.172,0.061122491907,-0.0147415159264
3.173,0.061107489405,-0.0152633907793
3.174,0.0610919653222,-0.0157846754162
3.175,0.0610759202552,-0.0163053570439
3.176,0.0610593548134,-0.016825422889
3.177,0.0610422696189,-0.0173448601988
3.178,0.0610246653067,-0.0178636562413
3.179,0.0610065425244,-0.0183817983057
3.18,0.0609879019324,-0.0188992737027
3.181,0.0609687442035,-0.0194160697645
3.182,0.0609490700235,-0.0199321738455
3.183,0.0609288800907,-0.0204475733226
3.184,0.0609081751159,-0.020962255595
3.185,0.0608869558227,-0.0214762080852
3.186,0.0608652229472,-0.0219894182388
3.187,0.0608429772379,-0.022501873525
3.188,0.0608202194559,-0.0230135614369
3.189,0.060796950375,-0.0235244694918
3.19,0.060773170781,-0.0240345852314
3.191,0.0607488814727,-0.0245438962223
3.192,0.060724083261,-0.0250523900562
3.193,0.0606987769691,-0.0255600543499
3.194,0.0606729634329,-0.0260668767463
3.195,0.0606466435004,-0.0265728449141
3.196,0.0606198180319,-0.0270779465482
3.197,0.0605924879002,-0.0275821693701
3.198,0.0605646539902,-0.0280855011283
3.199,0.0605363171991,-0.0285879295985
3.2,0.0605074784362,-0.0290894425836
3.201,0.0604781386231,-0.0295900279145
3.202,0.0604482986936,-0.03008967345
3.203,0.0604179595935,-0.0305883670775
3.204,0.0603871222808,-0.0310860967128
3.205,0.0603557877255,-0.0315828503006
3.206,0.0603239569096,-0.0320786158151
3.207,0.0602916308272,-0.0325733812596
3.208,0.0602588104844,-0.0330671346675
3.209,0.0602254968992,-0.0335598641022
3.21,0.0601916911015,-0.0340515576575
3.211,0.0601573941331,-0.0345422034578
3.212,0.0601226070478,-0.0350317896584
3.213,0.0600873309109,-0.0355203044459
3.214,0.0600515667999,-0.0360077360383
3.215,0.0600153158038,-0.0364940726856
3.216,0.0599785790235,-0.0369793026697
3.217,0.0599413575713,-0.0374634143049
3.218,0.0599036525715,-0.0379463959379
3.219,0.0598654651599,-0.0384282359488
3.22,0.059826796484,-0.0389089227504
3.221,0.0597876477027,-0.0393884447892
3.222,0.0597480199865,-0.0398667905454
3.223,0.0597079145175,-0.0403439485332
3.224,0.0596673324892,-0.040819907301
3.225,0.0596262751065,-0.0412946554319
3.226,0.0595847435857,-0.0417681815438
3.227,0.0595427391545,-0.0422404742895
3.228,0.059500263052,-0.0427115223574
3.229,0.0594573165285,-0.0431813144715
3.23,0.0594139008455,-0.0436498393916
3.231,0.0593700172758,-0.0441170859136
3.232,0.0593256671035,-0.0445830428702
3.233,0.0592808516236,-0.0450476991304
3.234,0.0592355721425,-0.0455110436003
3.235,0.0591898299774,-0.0459730652233
3.236,0.0591436264567,-0.0464337529802
3.237,0.0590969629197,-0.0468930958896
3.238,0.0590498407168,-0.047351083008
3.239,0.0590022612093,-0.0478077034304
3.24,0.0589542257691,-0.04826294629
3.241,0.0589057357795,-0.048716800759
3.242,0.058856792634,-0.0491692560486
3.243,0.0588073977374,-0.0496203014092
3.244,0.0587575525048,-0.0500699261309
3.245,0.0587072583622,-0.0505181195435
3.246,0.0586565167463,-0.0509648710167
3.247,0.0586053291043,-0.0514101699608
3.248,0.0585536968941,-0.0518540058263
3.249,0.0585016215839,-0.0522963681048
3.25,0.0584491046526,-0.0527372463287
3.251,0.0583961475894,-0.0531766300718
3.252,0.058342751894,-0.0536145089495
3.253,0.0582889190766,-0.0540508726187
3.254,0.0582346506573,-0.0544857107786
3.255,0.0581799481669,-0.0549190131705
3.256,0.0581248131463,-0.0553507695781
3.257,0.0580692471465,-0.0557809698281
3.258,0.0580132517287,-0.0562096037899
3.259,0.0579568284644,-0.0566366613763
3.26,0.0578999789348,-0.0570621325434
3.261,0.0578427047314,-0.0574860072909
3.262,0.0577850074557,-0.0579082756627
3.263,0.0577268887189,-0.0583289277465
3.264,0.0576683501422,-0.0587479536746
3.265,0.0576093933568,-0.0591653436237
3.266,0.0575500200036,-0.0595810878155
3.267,0.057490231733,-0.0599951765167
3.268,0.0574300302056,-0.0604076000392
3.269,0.0573694170912,-0.0608183487404
3.27,0.0573083940696,-0.0612274130234
3.271,0.0572469628298,-0.0616347833375
3.272,0.0571851250707,-0.0620404501777
3.273,0.0571228825005,-0.0624444040858
3.274,0.0570602368367,-0.06284663565
3.275,0.0569971898064,-0.0632471355053
3.276,0.056933743146,-0.0636458943338
3.277,0.0568698986012,-0.0640429028648
3.278,0.0568056579268,-0.0644381518751
3.279,0.056741022887,-0.0648316321891
3.28,0.056675995255,-0.0652233346791
3.281,0.0566105768133,-0.0656132502656
3.282,0.0565447693531,-0.0660013699172
3.283,0.0564785746751,-0.0663876846512
3.284,0.0564119945885,-0.0667721855333
3.285,0.0563450309116,-0.0671548636786
3.286,0.0562776854716,-0.0675357102508
3.287,0.0562099601045,-0.0679147164633
3.288,0.0561418566551,-0.0682918735787
3.289,0.0560733769766,-0.0686671729096
3.29,0.0560045229314,-0.0690406058184
3.291,0.05593529639,-0.0694121637174
3.292,0.0558656992318,-0.0697818380696
3.293,0.0557957333446,-0.0701496203881
3.294,0.0557254006245,-0.0705155022369
3.295,0.0556547029764,-0.0708794752309
3.296,0.0555836423131,-0.071241531036
3.297,0.0555122205561,-0.0716016613694
3.298,0.055440439635,-0.0719598579995
3.299,0.0553683014874,-0.0723161127468
3.3,0.0552958080595,-0.072670417483
3.301,0.0552229613051,-0.0730227641324
3.302,0.0551497631866,-0.0733731446711
3.303,0.0550762156738,-0.0737215511276
3.304,0.055002320745,-0.074067975583
3.305,0.054928080386,-0.0744124101711
3.306,0.0548534965905,-0.0747548470786
3.307,0.0547785713603,-0.0750952785451
3.308,0.0547033067045,-0.0754336968636
3.309,0.0546277046402,-0.0757700943805
3.31,0.0545517671919,-0.0761044634957
3.311,0.0544754963918,-0.0764367966628
3.312,0.0543988942797,-0.0767670863895
3.313,0.0543219629027,-0.0770953252373
3.314,0.0542447043153,-0.0774215058221
3.315,0.0541671205796,-0.0777456208142
3.316,0.0540892137646,-0.0780676629385
3.317,0.054010985947,-0.0783876249744
3.318,0.0539324392104,-0.0787054997565
3.319,0.0538535756457,-0.0790212801742
3.32,0.0537743973506,-0.0793349591721
3.321,0.0536949064301,-0.0796465297502
3.322,0.0536151049962,-0.0799559849642
3.323,0.0535349951676,-0.0802633179251
3.324,0.05345457907,-0.0805685217999
3.325,0.053373858836,-0.0808715898115
3.326,0.0532928366046,-0.0811725152389
3.327,0.0532115145219,-0.0814712914173
3.328,0.0531298947404,-0.0817679117384
3.329,0.0530479794192,-0.0820623696504
3.33,0.0529657707241,-0.0823546586581
3.331,0.052883270827,-0.0826447723231
3.332,0.0528004819067,-0.0829327042639
3.333,0.0527174061479,-0.0832184481564
3.334,0.0526340457418,-0.0835019977333
3.335,0.0525504028859,-0.0837833467849
3.336,0.0524664797838,-0.084062489159
3.337,0.0523822786452,-0.0843394187609
3.338,0.0522978016859,-0.0846141295536
3.339,0.0522130511277,-0.0848866155582
3.34,0.0521280291983,-0.0851568708535
3.341,0.0520427381315,-0.0854248895768
3.342,0.0519571801666,-0.0856906659233
3.343,0.051871357549,-0.0859541941467
3.344,0.0517852725296,-0.0862154685592
3.345,0.051698927365,-0.0864744835317
3.346,0.0516123243175,-0.0867312334936
3.347,0.0515254656549,-0.0869857129334
3.348,0.0514383536503,-0.0872379163983
3.349,0.0513509905826,-0.0874878384948
3.35,0.0512633787356,-0.0877354738884
3.351,0.0511755203988,-0.087980817304
3.352,0.0510874178667,-0.0882238635258
3.353,0.0509990734392,-0.0884646073977
3.354,0.0509104894211,-0.0887030438229
3.355,0.0508216681224,-0.0889391677646
3.356,0.050732611858,-0.0891729742458
3.357,0.050643322948,-0.0894044583491
3.358,0.0505538037171,-0.0896336152174
3.359,0.0504640564949,-0.0898604400538
3.36,0.0503740836159,-0.0900849281212
3.361,0.0502838874191,-0.0903070747433
3.362,0.0501934702484,-0.0905268753037
3.363,0.0501028344521,-0.090744325247
3.364,0.050011982383,-0.0909594200779
3.365,0.0499209163984,-0.091172155362
3.366,0.0498296388602,-0.0913825267258
3.367,0.0497381521344,-0.0915905298562
3.368,0.0496464585913,-0.0917961605015
3.369,0.0495545606056,-0.0919994144706
3.37,0.049462460556,-0.0922002876337
3.371,0.0493701608253,-0.0923987759222
3.372,0.0492776638005,-0.0925948753287
3.373,0.0491849718723,-0.0927885819068
3.374,0.0490920874355,-0.0929798917721
3.375,0.0489990128889,-0.093168801101
3.376,0.0489057506348,-0.093355306132
3.377,0.0488123030793,-0.0935394031647
3.378,0.0487186726323,-0.0937210885609
3.379,0.0486248617073,-0.0939003587436
3.38,0.0485308727211,-0.0940772101979
3.381,0.0484367080943,-0.0942516394707
3.382,0.0483423702507,-0.094423643171
3.383,0.0482478616176,-0.0945932179693
3.384,0.0481531846255,-0.0947603605988
3.385,0.0480583417082,-0.0949250678541
3.386,0.0479633353026,-0.0950873365926
3.387,0.0478681678488,-0.0952471637335
3.388,0.04777284179,-0.0954045462583
3.389,0.0476773595722,-0.095559481211
3.39,0.0475817236444,-0.0957119656978
3.391,0.0474859364586,-0.0958619968873
3.392,0.0473900004693,-0.0960095720106
3.393,0.0472939181341,-0.0961546883614
3.394,0.0471976919131,-0.0962973432958
3.395,0.0471013242689,-0.0964375342324
3.396,0.0470048176668,-0.0965752586527
3.397,0.0469081745746,-0.0967105141006
3.398,0.0468113974624,-0.0968432981828
3.399,0.0467144888028,-0.0969736085688
3.4,0.0466174510706,-0.0971014429906
3.401,0.0465202867428,-0.0972267992434
3.402,0.0464229982988,-0.0973496751848
3.403,0.0463255882199,-0.0974700687355
3.404,0.0462280589895,-0.0975879778791
3.405,0.046130413093,-0.097703400662
3.406,0.0460326530176,-0.0978163351935
3.407,0.0459347812526,-0.097926779646
3.408,0.0458368002889,-0.0980347322547
3.409,0.0457387126193,-0.0981401913179
3.41,0.045640520738,-0.0982431551969
3.411,0.0455422271411,-0.0983436223159
3.412,0.0454438343261,-0.0984415911624
3.413,0.0453453447921,-0.0985370602866
3.414,0.0452467610393,-0.0986300283021
3.415,0.0451480855696,-0.0987204938853
3.416,0.0450493208861,-0.0988084557758
3.417,0.044950469493,-0.0988939127763
3.418,0.0448515338959,-0.0989768637527
3.419,0.0447525166012,-0.0990573076336
3.42,0.0446534201166,-0.0991352434111
3.421,0.0445542469507,-0.0992106701402
3.422,0.044454999613,-0.0992835869391
3.423,0.0443556806138,-0.0993539929889
3.424,0.0442562924642,-0.099421887534
3.425,0.0441568376761,-0.0994872698817
3.426,0.044057318762,-0.0995501394026
3.427,0.0439577382351,-0.09961049553
3.428,0.0438580986089,-0.0996683377606
3.429,0.0437584023977,-0.0997236656539
3.43,0.0436586521159,-0.0997764788327
3.431,0.0435588502784,-0.0998267769824
3.432,0.0434589994003,-0.0998745598517
3.433,0.0433591019972,-0.0999198272522
3.434,0.0432591605844,-0.0999625790584
3.435,0.0431591776776,-0.100002815208
3.436,0.0430591557925,-0.100040535701
3.437,0.0429590974447,-0.1000757406
3.438,0.0428590051498,-0.100108430033
3.439,0.0427588814231,-0.100138604187
3.44,0.0426587287798,-0.100166263315
3.441,0.0425585497347,-0.100191407731
3.442,0.0424583468024,-0.100214037812
3.443,0.042358122497,-0.100234153998
3.444,0.0422578793322,-0.100251756792
3.445,0.0421576198211,-0.100266846758
3.446,0.0420573464761,-0.100279424525
3.447,0.0419570618092,-0.100289490783
3.448,0.0418567683315,-0.100297046284
3.449,0.0417564685533,-0.100302091844
3.45,0.0416561649841,-0.100304628341
3.451,0.0415558601326,-0.100304656715
3.452,0.0414555565064,-0.100302177967
3.453,0.041355256612,-0.100297193163
3.454,0.0412549629551,-0.100289703429
3.455,0.0411546780398,-0.100279709954
3.456,0.0410544043693,-0.10026721399
3.457,0.0409541444455,-0.10025221685
3.458,0.0408539007689,-0.100234719908
3.459,0.0407536758385,-0.100214724602
3.46,0.040653472152,-0.10019223243
3.461,0.0405532922054,-0.100167244954
3.462,0.0404531384933,-0.100139763795
3.463,0.0403530135085,-0.100109790639
3.464,0.0402529197421,-0.100077327231
3.465,0.0401528596835,-0.100042375377
3.466,0.0400528358202,-0.100004936948
3.467,0.0399528506378,-0.0999650138722
3.468,0.03985290662,-0.0999226081425
3.469,0.0397530062484,-0.0998777218112
3.47,0.0396531520026,-0.0998303569923
3.471,0.0395533463599,-0.0997805158609
3.472,0.0394535917955,-0.0997282006531
3.473,0.0393538907825,-0.099673413666
3.474,0.0392542457913,-0.0996161572574
3.475,0.0391546592903,-0.0995564338461
3.476,0.0390551337452,-0.0994942459114
3.477,0.0389556716191,-0.0994295959934
3.478,0.038856275373,-0.0993624866925
3.479,0.0387569474647,-0.0992929206697
3.48,0.0386576903496,-0.0992209006464
3.481,0.0385585064805,-0.0991464294039
3.482,0.0384593983069,-0.0990695097841
3.483,0.038360368276,-0.0989901446887
3.484,0.0382614188317,-0.0989083370794
3.485,0.0381625524151,-0.0988240899778
3.486,0.0380637714639,-0.0987374064652
3.487,0.0379650784132,-0.0986482896827
3.488,0.0378664756946,-0.0985567428309
3.489,0.0377679657365,-0.0984627691698
3.49,0.0376695509641,-0.0983663720188
3.491,0.0375712337992,-0.0982675547565
3.492,0.0374730166601,-0.0981663208207
3.493,0.0373749019619,-0.0980626737082
3.494,0.0372768921159,-0.0979566169749
3.495,0.03717898953,-0.0978481542351
3.496,0.0370811966082,-0.0977372891622
3.497,0.0369835157512,-0.0976240254879
3.498,0.0368859493555,-0.0975083670025
3.499,0.0367884998142,-0.0973903175546
3.5,0.0366911695161,-0.0972698810511
3.501,0.0365939608464,-0.0971470614569
3.502,0.0364968761862,-0.0970218627949
3.503,0.0363999179125,-0.0968942891459
3.504,0.0363030883982,-0.0967643446483
3.505,0.0362063900121,-0.0966320334984
3.506,0.0361098251187,-0.0964973599496
3.507,0.0360133960782,-0.0963603283129
3.508,0.0359171052466,-0.0962209429564
3.509,0.0358209549754,-0.0960792083054
3.51,0.0357249476116,-0.0959351288421
3.511,0.0356290854978,-0.0957887091054
3.512,0.035533370972,-0.095639953691
3.513,0.0354378063674,-0.0954888672512
3.514,0.0353423940129,-0.0953354544945
3.515,0.0352471362323,-0.0951797201859
3.516,0.0351520353448,-0.0950216691463
3.517,0.0350570936646,-0.0948613062528
3.518,0.0349623135012,-0.0946986364381
3.519,0.0348676971591,-0.0945336646908
3.52,0.0347732469375,-0.0943663960549
3.521,0.0346789651309,-0.0941968356299
3.522,0.0345848540285,-0.0940249885704
3.523,0.0344909159142,-0.0938508600862
3.524,0.034397153067,-0.0936744554421
3.525,0.0343035677603,-0.0934957799575
3.526,0.0342101622622,-0.0933148390066
3.527,0.0341169388356,-0.093131638018
3.528,0.0340238997377,-0.0929461824746
3.529,0.0339310472203,-0.0927584779136
3.53,0.0338383835297,-0.092568529926
3.531,0.0337459109064,-0.0923763441567
3.532,0.0336536315854,-0.0921819263045
3.533,0.0335615477959,-0.0919852821212
3.534,0.0334696617614,-0.0917864174126
3.535,0.0333779756993,-0.0915853380371
3.536,0.0332864918215,-0.0913820499065
3.537,0.0331952123338,-0.0911765589852
3.538,0.0331041394358,-0.0909688712905
3.539,0.0330132753214,-0.090758992892
3.54,0.0329226221782,-0.0905469299116
3.541,0.0328321821877,-0.0903326885237
3.542,0.0327419575253,-0.0901162749542
3.543,0.0326519503598,-0.0898976954812
3.544,0.0325621628542,-0.0896769564343
3.545,0.0324725971647,-0.0894540641944
3.546,0.0323832554413,-0.0892290251938
3.547,0.0322941398277,-0.0890018459159
3.548,0.0322052524608,-0.088772532895
3.549,0.032116595471,-0.0885410927161
3.55,0.0320281709822,-0.0883075320146
3.551,0.0319399811116,-0.0880718574766
3.552,0.0318520279696,-0.0878340758379
3.553,0.03176431366,-0.0875941938847
3.554,0.0316768402797,-0.0873522184527
3.555,0.0315896099186,-0.0871081564273
3.556,0.03150262466,-0.0868620147433
3.557,0.03141588658,-0.0866138003847
3.558,0.0313293977478,-0.0863635203845
3.559,0.0312431602254,-0.0861111818245
3.56,0.031157176068,-0.0858567918352
3.561,0.0310714473232,-0.0856003575954
3.562,0.0309859760318,-0.0853418863323
3.563,0.0309007642271,-0.085081385321
3.564,0.0308158139353,-0.0848188618843
3.565,0.030731127175,-0.084554323393
3.566,0.0306467059577,-0.0842877772649
3.567,0.0305625522872,-0.0840192309653
3.568,0.03047866816,-0.0837486920064
3.569,0.0303950555649,-0.0834761679472
3.57,0.0303117164833,-0.0832016663932
3.571,0.0302286528887,-0.0829251949966
3.572,0.0301458667473,-0.0826467614554
3.573,0.0300633600173,-0.0823663735138
3.574,0.0299811346492,-0.0820840389617
3.575,0.0298991925856,-0.0817997656345
3.576,0.0298175357615,-0.0815135614129
3.577,0.0297361661038,-0.0812254342229
3.578,0.0296550855314,-0.0809353920351
3.579,0.0295742959554,-0.0806434428651
3.58,0.0294937992787,-0.0803495947726
3.581,0.0294135973961,-0.0800538558619
3.582,0.0293336921945,-0.0797562342811
3.583,0.0292540855524,-0.0794567382222
3.584,0.0291747793401,-0.0791553759206
3.585,0.0290957754199,-0.0788521556553
3.586,0.0290170756454,-0.0785470857482
3.587,0.0289386818621,-0.0782401745644
3.588,0.0288605959072,-0.0779314305113
3.589,0.0287828196092,-0.0776208620391
3.59,0.0287053547884,-0.0773084776399
3.591,0.0286282032564,-0.0769942858481
3.592,0.0285513668163,-0.0766782952397
3.593,0.0284748472627,-0.0763605144321
3.594,0.0283986463813,-0.0760409520844
3.595,0.0283227659495,-0.0757196168963
3.596,0.0282472077356,-0.0753965176087
3.597,0.0281719734994,-0.0750716630029
3.598,0.0280970649917,-0.0747450619006
3.599,0.0280224839548,-0.0744167231636
3.6,0.0279482321217,-0.0740866556936
3.601,0.0278743112166,-0.0737548684322
3.602,0.0278007229551,-0.0734213703599
3.603,0.0277274690432,-0.0730861704968
3.604,0.0276545511783,-0.0727492779017
3.605,0.0275819710486,-0.0724107016723
3.606,0.0275097303331,-0.0720704509446
3.607,0.0274378307018,-0.0717285348926
3.608,0.0273662738154,-0.0713849627288
3.609,0.0272950613253,-0.0710397437028
3.61,0.0272241948738,-0.0706928871021
3.611,0.0271536760939,-0.0703444022512
3.612,0.027083506609,-0.0699942985116
3.613,0.0270136880333,-0.0696425852817
3.614,0.0269442219718,-0.069289271996
3.615,0.0268751100195,-0.0689343681256
3.616,0.0268063537625,-0.0685778831774
3.617,0.026737954777,-0.068219826694
3.618,0.0266699146298,-0.0678602082535
3.619,0.026602234878,-0.0674990374692
3.62,0.0265349170691,-0.0671363239893
3.621,0.026467962741,-0.0667720774969
3.622,0.0264013734219,-0.0664063077092
3.623,0.0263351506301,-0.066039024378
3.624,0.0262692958744,-0.0656702372887
3.625,0.0262038106535,-0.0652999562606
3.626,0.0261386964565,-0.0649281911461
3.627,0.0260739547626,-0.0645549518312
3.628,0.026009587041,-0.0641802482345
3.629,0.0259455947509,-0.0638040903072
3.63,0.0258819793418,-0.063426488033
3.631,0.025818742253,-0.0630474514278
3.632,0.0257558849137,-0.062666990539
3.633,0.0256934087433,-0.062285115446
3.634,0.0256313151509,-0.0619018362592
3.635,0.0255696055354,-0.0615171631202
3.636,0.0255082812859,-0.0611311062014
3.637,0.0254473437809,-0.0607436757056
3.638,0.0253867943889,-0.0603548818659
3.639,0.0253266344682,-0.0599647349455
3.64,0.0252668653666,-0.0595732452373
3.641,0.0252074884219,-0.0591804230633
3.642,0.0251485049612,-0.0587862787752
3.643,0.0250899163016,-0.0583908227533
3.644,0.0250317237495,-0.0579940654065
3.645,0.024973928601,-0.0575960171723
3.646,0.0249165321419,-0.057196688516
3.647,0.0248595356473,-0.0567960899309
3.648,0.0248029403819,-0.0563942319379
3.649,0.0247467475997,-0.055991125085
3.65,0.0246909585445,-0.0555867799473
3.651,0.0246355744491,-0.0551812071266
3.652,0.0245805965359,-0.0547744172512
3.653,0.0245260260167,-0.0543664209754
3.654,0.0244718640925,-0.0539572289796
3.655,0.0244181119537,-0.0535468519698
3.656,0.02436477078,-0.053135300677
3.657,0.0243118417402,-0.0527225858578
3.658,0.0242593259925,-0.0523087182932
3.659,0.0242072246843,-0.0518937087887
3.66,0.024155538952,-0.0514775681743
3.661,0.0241042699214,-0.0510603073037
3.662,0.0240534187072,-0.0506419370543
3.663,0.0240029864134,-0.0502224683269
3.664,0.023952974133,-0.0498019120454
3.665,0.0239033829482,-0.0493802791566
3.666,0.0238542139299,-0.0489575806296
3.667,0.0238054681385,-0.0485338274561
3.668,0.0237571466229,-0.0481090306494
3.669,0.0237092504214,-0.0476832012447
3.67,0.0236617805609,-0.0472563502985
3.671,0.0236147380576,-0.0468284888885
3.672,0.0235681239163,-0.0463996281132
3.673,0.0235219391308,-0.0459697790916
3.674,0.0234761846838,-0.0455389529629
3.675,0.0234308615469,-0.0451071608865
3.676,0.0233859706803,-0.0446744140411
3.677,0.0233415130333,-0.0442407236252
3.678,0.0232974895438,-0.0438061008562
3.679,0.0232539011386,-0.0433705569703
3.68,0.0232107487332,-0.0429341032222
3.681,0.0231680332317,-0.042496750885
3.682,0.0231257555272,-0.0420585112497
3.683,0.0230839165012,-0.0416193956249
3.684,0.0230425170241,-0.0411794153365
3.685,0.023001557955,-0.0407385817276
3.686,0.0229610401413,-0.0402969061582
3.687,0.0229209644195,-0.0398544000046
3.688,0.0228813316144,-0.0394110746594
3.689,0.0228421425395,-0.0389669415311
3.69,0.0228033979968,-0.0385220120438
3.691,0.022765098777,-0.038076297637
3.692,0.0227272456593,-0.0376298097652
3.693,0.0226898394115,-0.0371825598977
3.694,0.0226528807897,-0.0367345595181
3.695,0.0226163705388,-0.0362858201245
3.696,0.022580309392,-0.0358363532285
3.697,0.022544698071,-0.0353861703555
3.698,0.0225095372861,-0.0349352830442
3.699,0.0224748277359,-0.0344837028461
3.7,0.0224405701075,-0.0340314413256
3.701,0.0224067650765,-0.0335785100593
3.702,0.0223734133067,-0.0331249206363
3.703,0.0223405154507,-0.032670684657
3.704,0.0223080721491,-0.0322158137337
3.705,0.022276084031,-0.0317603194898
3.706,0.022244551714,-0.0313042135596
3.707,0.0222134758039,-0.030847507588
3.708,0.0221828568949,-0.0303902132305
3.709,0.0221526955697,-0.0299323421523
3.71,0.022122992399,-0.0294739060286
3.711,0.0220937479421,-0.0290149165438
3.712,0.0220649627465,-0.0285553853918
3.713,0.022036637348,-0.0280953242752
3.714,0.0220087722707,-0.0276347449049
3.715,0.021981368027,-0.0271736590006
3.716,0.0219544251176,-0.0267120782895
3.717,0.0219279440314,-0.0262500145068
3.718,0.0219019252457,-0.0257874793948
3.719,0.0218763692258,-0.0253244847032
3.72,0.0218512764256,-0.0248610421883
3.721,0.0218266472868,-0.0243971636128
3.722,0.0218024822398,-0.0239328607457
3.723,0.0217787817028,-0.0234681453621
3.724,0.0217555460826,-0.0230030292423
3.725,0.021732775774,-0.0225375241723
3.726,0.02171047116,-0.0220716419428
3.727,0.0216886326119,-0.0216053943493
3.728,0.0216672604892,-0.0211387931919
3.729,0.0216463551394,-0.0206718502746
3.73,0.0216259168986,-0.0202045774052
3.731,0.0216059460907,-0.0197369863953
3.732,0.0215864430279,-0.0192690890594
3.733,0.0215674080107,-0.0188008972151
3.734,0.0215488413277,-0.0183324226826
3.735,0.0215307432556,-0.0178636772845
3.736,0.0215131140595,-0.0173946728454
3.737,0.0214959539924,-0.0169254211916
3.738,0.0214792632956,-0.0164559341509
3.739,0.0214630421986,-0.0159862235522
3.74,0.021447290919,-0.0155163012254
3.741,0.0214320096628,-0.0150461790007
3.742,0.0214171986237,-0.0145758687089
3.743,0.0214028579841,-0.0141053821804
3.744,0.0213889879142,-0.0136347312457
3.745,0.0213755885725,-0.0131639277342
3.746,0.0213626601056,-0.0126929834748
3.747,0.0213502026485,-0.012221910295
3.748,0.0213382163241,-0.0117507200208
3.749,0.0213267012435,-0.0112794244763
3.75,0.0213156575062,-0.0108080354837
3.751,0.0213050851998,-0.0103365648627
3.752,0.0212949843998,-0.00986502443032
3.753,0.0212853551702,-0.00939342600063
3.754,0.0212761975632,-0.00892178138438
3.755,0.0212675116189,-0.00845010238879
3.756,0.0212592973659,-0.0079784008172
3.757,0.0212515548209,-0.00750668846878
3.758,0.0212442839887,-0.00703497713828
3.759,0.0212374848623,-0.00656327861569
3.76,0.0212311574232,-0.00609160468596
3.761,0.0212253016408,-0.00561996712873
3.762,0.0212199174729,-0.00514837771801
3.763,0.0212150048654,-0.00467684822189
3.764,0.0212105637526,-0.00420539040228
3.765,0.0212065940568,-0.00373401601456
3.766,0.0212030956888,-0.00326273680735
3.767,0.0212000685476,-0.0027915645222
3.768,0.0211975125202,-0.00232051089325
3.769,0.0211954274823,-0.00184958764703
3.77,0.0211938132976,-0.00137880650209
3.771,0.021192669818,-0.000908179168749
3.772,0.0211919968841,-0.000437717348807
3.773,0.0211917943243,3.25672647614e-05
3.774,0.0211920619556,0.000502662988085
3.775,0.0211927995834,0.000972558146687
3.776,0.0211940070012,0.00144224107577
3.777,0.0211956839909,0.00191170012051
3.778,0.0211978303229,0.00238092363634
3.779,0.0212004457558,0.00284989998923
3.78,0.0212035300366,0.00331861755599
3.781,0.0212070829008,0.00378706472454
3.782,0.0212111040721,0.0042552298942
3.783,0.0212155932627,0.00472310147599
3.784,0.0212205501733,0.0051906678929
3.785,0.0212259744929,0.00565791758016
3.786,0.021231865899,0.00612483898557
3.787,0.0212382240576,0.00659142056972
3.788,0.0212450486231,0.00705765080634
3.789,0.0212523392383,0.00752351818255
3.79,0.0212600955346,0.00798901119911
3.791,0.0212683171321,0.00845411837078
3.792,0.0212770036389,0.00891882822654
3.793,0.0212861546523,0.00938312930986
3.794,0.0212957697575,0.00984701017906
3.795,0.0213058485287,0.0103104594075
3.796,0.0213163905286,0.0107734655839
3.797,0.0213273953084,0.0112360173127
3.798,0.021338862408,0.0116981032141
3.799,0.0213507913558,0.0121597119246
3.8,0.021363181669,0.0126208320972
3.801,0.0213760328533,0.0130814524015
3.802,0.0213893444034,0.0135415615244
3.803,0.0214031158022,0.0140011481697
3.804,0.0214173465218,0.0144602010592
3.805,0.0214320360227,0.0149187089323
3.806,0.0214471837542,0.0153766605465
3.807,0.0214627891546,0.0158340446779
3.808,0.0214788516507,0.016290850121
3.809,0.0214953706582,0.0167470656896
3.81,0.0215123455817,0.0172026802164
3.811,0.0215297758146,0.0176576825537
3.812,0.0215476607391,0.0181120615736
3.813,0.0215659997263,0.0185658061682
3.814,0.0215847921362,0.0190189052499
3.815,0.0216040373179,0.0194713477517
3.816,0.0216237346092,0.0199231226273
3.817,0.0216438833369,0.0203742188516
3.818,0.021664482817,0.020824625421
3.819,0.0216855323542,0.0212743313534
3.82,0.0217070312425,0.0217233256885
3.821,0.0217289787648,0.0221715974884
3.822,0.021751374193,0.0226191358375
3.823,0.0217742167883,0.0230659298429
3.824,0.021797505801,0.0235119686348
3.825,0.0218212404703,0.0239572413663
3.826,0.0218454200247,0.0244017372144
3.827,0.0218700436821,0.0248454453795
3.828,0.0218951106493,0.0252883550862
3.829,0.0219206201226,0.0257304555833
3.83,0.0219465712872,0.0261717361441
3.831,0.021972963318,0.0266121860668
3.832,0.0219997953789,0.0270517946746
3.833,0.0220270666233,0.0274905513159
3.834,0.022054776194,0.0279284453647
3.835,0.022082923223,0.0283654662208
3.836,0.0221115068318,0.0288016033102
3.837,0.0221405261315,0.0292368460851
3.838,0.0221699802224,0.0296711840242
3.839,0.0221998681944,0.0301046066331
3.84,0.0222301891271,0.0305371034445
3.841,0.0222609420892,0.0309686640186
3.842,0.0222921261395,0.0313992779427
3.843,0.0223237403261,0.0318289348324
3.844,0.0223557836867,0.032257624331
3.845,0.0223882552489,0.0326853361106
3.846,0.0224211540296,0.0331120598713
3.847,0.0224544790359,0.0335377853424
3.848,0.0224882292641,0.0339625022822
3.849,0.0225224037008,0.0343862004781
3.85,0.0225570013221,0.0348088697474
3.851,0.022592021094,0.0352304999368
3.852,0.0226274619723,0.0356510809234
3.853,0.0226633229027,0.0360706026143
3.854,0.022699602821,0.0364890549472
3.855,0.0227363006528,0.0369064278906
3.856,0.0227734153137,0.0373227114439
3.857,0.0228109457092,0.0377378956379
3.858,0.0228488907352,0.0381519705346
3.859,0.0228872492772,0.0385649262279
3.86,0.0229260202113,0.0389767528437
3.861,0.0229652024033,0.0393874405398
3.862,0.0230047947095,0.0397969795066
3.863,0.0230447959761,0.0402053599672
3.864,0.02308520504,0.0406125721773
3.865,0.0231260207278,0.0410186064259
3.866,0.0231672418569,0.0414234530354
3.867,0.0232088672348,0.0418271023616
3.868,0.0232508956594,0.042229544794
3.869,0.0232933259189,0.0426307707563
3.87,0.0233361567922,0.0430307707064
3.871,0.0233793870485,0.0434295351367
3.872,0.0234230154475,0.043827054574
3.873,0.0234670407395,0.0442233195805
3.874,0.0235114616654,0.044618320753
3.875,0.0235562769566,0.045012048724
3.876,0.0236014853353,0.0454044941614
3.877,0.0236470855143,0.0457956477691
3.878,0.0236930761971,0.0461855002868
3.879,0.0237394560781,0.0465740424904
3.88,0.0237862238423,0.0469612651924
3.881,0.0238333781656,0.047347159242
3.882,0.0238809177148,0.0477317155249
3.883,0.0239288411477,0.0481149249643
3.884,0.0239771471128,0.0484967785206
3.885,0.0240258342498,0.0488772671914
3.886,0.0240749011892,0.0492563820125
3.887,0.0241243465529,0.0496341140572
3.888,0.0241741689535,0.0500104544372
3.889,0.0242243669949,0.0503853943023
3.89,0.0242749392723,0.0507589248412
3.891,0.0243258843719,0.0511310372811
3.892,0.0243772008712,0.0515017228881
3.893,0.0244288873392,0.0518709729675
3.894,0.0244809423358,0.0522387788642
3.895,0.0245333644126,0.0526051319624
3.896,0.0245861521126,0.052970023686
3.897,0.02463930397,0.0533334454991
3.898,0.0246928185108,0.0536953889058
3.899,0.0247466942522,0.0540558454507
3.9,0.0248009297033,0.0544148067187
3.901,0.0248555233644,0.0547722643355
3.902,0.0249104737279,0.055128209968
3.903,0.0249657792776,0.055482635324
3.904,0.0250214384891,0.0558355321525
3.905,0.0250774498297,0.0561868922443
3.906,0.0251338117586,0.0565367074317
3.907,0.0251905227269,0.0568849695888
3.908,0.0252475811774,0.0572316706321
3.909,0.0253049855451,0.05757680252
3.91,0.0253627342567,0.0579203572536
3.911,0.0254208257312,0.0582623268764
3.912,0.0254792583795,0.0586027034748
3.913,0.0255380306045,0.0589414791783
3.914,0.0255971408016,0.0592786461593
3.915,0.025656587358,0.0596141966338
3.916,0.0257163686534,0.0599481228612
3.917,0.0257764830597,0.0602804171445
3.918,0.0258369289412,0.0606110718308
3.919,0.0258977046543,0.060940079311
3.92,0.0259588085482,0.0612674320204
3.921,0.0260202389643,0.0615931224386
3.922,0.0260819942365,0.0619171430897
3.923,0.0261440726914,0.0622394865427
3.924,0.0262064726481,0.0625601454113
3.925,0.0262691924182,0.0628791123545
3.926,0.0263322303064,0.0631963800761
3.927,0.0263955846096,0.0635119413258
3.928,0.0264592536178,0.0638257888985
3.929,0.0265232356137,0.064137915635
3.93,0.0265875288731,0.0644483144219
3.931,0.0266521316642,0.0647569781917
3.932,0.0267170422488,0.0650638999234
3.933,0.0267822588811,0.0653690726421
3.934,0.0268477798087,0.0656724894196
3.935,0.0269136032723,0.0659741433741
3.936,0.0269797275056,0.0662740276708
3.937,0.0270461507355,0.0665721355219
3.938,0.0271128711822,0.0668684601866
3.939,0.0271798870593,0.0671629949713
3.94,0.0272471965733,0.0674557332302
3.941,0.0273147979247,0.0677466683645
3.942,0.0273826893068,0.0680357938236
3.943,0.0274508689069,0.0683231031045
3.944,0.0275193349055,0.0686085897521
3.945,0.0275880854767,0.0688922473598
3.946,0.0276571187884,0.069174069569
3.947,0.027726433002,0.0694540500694
3.948,0.0277960262726,0.0697321825997
3.949,0.0278658967491,0.0700084609469
3.95,0.0279360425744,0.070282878947
3.951,0.0280064618849,0.0705554304849
3.952,0.0280771528111,0.0708261094945
3.953,0.0281481134777,0.0710949099593
3.954,0.0282193420029,0.0713618259118
3.955,0.0282908364993,0.0716268514341
3.956,0.0283625950737,0.0718899806579
3.957,0.0284346158266,0.0721512077647
3.958,0.0285068968532,0.0724105269858
3.959,0.0285794362427,0.0726679326025
3.96,0.0286522320787,0.0729234189464
3.961,0.028725282439,0.0731769803991
3.962,0.028798585396,0.0734286113926
3.963,0.0288721390164,0.0736783064094
3.964,0.0289459413616,0.0739260599828
3.965,0.0290199904875,0.0741718666964
3.966,0.0290942844443,0.0744157211851
3.967,0.0291688212773,0.0746576181343
3.968,0.0292435990263,0.0748975522808
3.969,0.0293186157259,0.0751355184123
3.97,0.0293938694054,0.075371511368
3.971,0.0294693580892,0.0756055260383
3.972,0.0295450797964,0.0758375573653
3.973,0.0296210325411,0.0760676003424
3.974,0.0296972143326,0.076295650015
3.975,0.0297736231751,0.0765217014801
3.976,0.0298502570679,0.0767457498867
3.977,0.0299271140056,0.0769677904358
3.978,0.0300041919779,0.0771878183805
3.979,0.0300814889699,0.077405829026
3.98,0.0301590029619,0.07762181773
3.981,0.0302367319298,0.0778357799025
3.982,0.0303146738447,0.0780477110058
3.983,0.0303928266733,0.0782576065552
3.984,0.0304711883778,0.0784654621183
3.985,0.0305497569161,0.0786712733156
3.986,0.0306285302416,0.0788750358204
3.987,0.0307075063034,0.0790767453591
3.988,0.0307866830466,0.0792763977109
3.989,0.0308660584117,0.0794739887083
3.99,0.0309456303355,0.0796695142368
3.991,0.0310253967504,0.0798629702353
3.992,0.0311053555848,0.080054352696
3.993,0.0311855047632,0.0802436576647
3.994,0.0312658422063,0.0804308812404
3.995,0.0313463658306,0.0806160195759
3.996,0.0314270735491,0.0807990688776
3.997,0.0315079632708,0.0809800254057
3.998,0.0315890329011,0.081158885474
3.999,0.0316702803417,0.0813356454505
4,0.0317517034908,0.0815103017568
4.001,0.0318333002428,0.0816828508688
4.002,0.031915068489,0.0818532893163
4.003,0.0319970061168,0.0820216136833
4.004,0.0320791110105,0.082187820608
4.005,0.0321613810511,0.0823519067828
4.006,0.0322438141161,0.0825138689547
4.007,0.0323264080799,0.0826737039247
4.008,0.0324091608138,0.0828314085485
4.009,0.0324920701859,0.0829869797363
4.01,0.0325751340611,0.0831404144527
4.011,0.0326583503016,0.0832917097172
4.012,0.0327417167664,0.0834408626037
4.013,0.0328252313117,0.0835878702408
4.014,0.0329088917909,0.0837327298122
4.015,0.0329926960544,0.083875438556
4.016,0.0330766419502,0.0840159937655
4.017,0.0331607273232,0.0841543927887
4.018,0.0332449500161,0.0842906330286
4.019,0.0333293078688,0.0844247119433
4.02,0.0334137987187,0.0845566270458
4.021,0.0334984204008,0.0846863759043
4.022,0.0335831707477,0.084813956142
4.023,0.0336680475895,0.0849393654373
4.024,0.0337530487542,0.0850626015239
4.025,0.0338381720674,0.0851836621905
4.026,0.0339234153527,0.0853025452813
4.027,0.0340087764314,0.0854192486957
4.028,0.0340942531228,0.0855337703883
4.029,0.0341798432443,0.0856461083691
4.03,0.034265544611,0.0857562607037
4.031,0.0343513550365,0.0858642255129
4.032,0.0344372723323,0.0859700009728
4.033,0.0345232943081,0.0860735853153
4.034,0.0346094187719,0.0861749768275
4.035,0.0346956435302,0.086274173852
4.036,0.0347819663876,0.0863711747872
4.037,0.0348683851472,0.0864659780867
4.038,0.0349548976107,0.0865585822597
4.039,0.0350415015782,0.0866489858712
4.04,0.0351281948485,0.0867371875415
4.041,0.0352149752189,0.0868231859467
4.042,0.0353018404855,0.0869069798183
4.043,0.0353887884433,0.0869885679435
4.044,0.0354758168858,0.0870679491653
4.045,0.0355629236056,0.087145122382
4.046,0.0356501063942,0.0872200865477
4.047,0.035737363042,0.0872928406722
4.048,0.0358246913386,0.0873633838208
4.049,0.0359120890724,0.0874317151145
4.05,0.0359995540312,0.0874978337299
4.051,0.036087084002,0.0875617388993
4.052,0.036174676771,0.0876234299106
4.053,0.0362623301236,0.0876829061073
4.054,0.0363500418447,0.0877401668885
4.055,0.0364378097187,0.0877952117091
4.056,0.0365256315293,0.0878480400793
4.057,0.0366135050599,0.0878986515651
4.058,0.0367014280934,0.0879470457882
4.059,0.0367893984123,0.0879932224255
4.06,0.0368774137989,0.0880371812098
4.061,0.0369654720353,0.0880789219292
4.062,0.0370535709034,0.0881184444276
4.063,0.0371417081847,0.0881557486042
4.064,0.0372298816611,0.0881908344136
4.065,0.0373180891141,0.0882237018662
4.066,0.0374063283254,0.0882543510276
4.067,0.0374945970768,0.0882827820187
4.068,0.0375828931501,0.0883089950162
4.069,0.0376712143276,0.0883329902517
4.07,0.0377595583915,0.0883547680125
4.071,0.0378479231245,0.0883743286411
4.072,0.0379363063098,0.0883916725352
4.073,0.0380247057309,0.0884068001478
4.074,0.0381131191715,0.0884197119871
4.075,0.0382015444164,0.0884304086166
4.076,0.0382899792506,0.0884388906548
4.077,0.0383784214598,0.0884451587753
4.078,0.0384668688304,0.0884492137069
4.079,0.0385553191497,0.0884510562332
4.08,0.0386437702057,0.0884506871931
4.081,0.0387322197872,0.0884481074802
4.082,0.0388206656841,0.0884433180431
4.083,0.038909105687,0.0884363198852
4.084,0.0389975375879,0.0884271140647
4.085,0.0390859591796,0.0884157016947
4.086,0.0391743682562,0.0884020839427
4.087,0.0392627626128,0.0883862620313
4.088,0.039351140046,0.0883682372372
4.089,0.0394394983534,0.0883480108921
4.09,0.0395278353344,0.0883255843819
4.091,0.0396161487893,0.0883009591471
4.092,0.0397044365202,0.0882741366825
4.093,0.0397926963308,0.0882451185372
4.094,0.039880926026,0.0882139063146
4.095,0.0399691234126,0.0881805016724
4.096,0.0400572862991,0.0881449063222
4.097,0.0401454124956,0.08810712203
4.098,0.0402334998141,0.0880671506154
4.099,0.0403215460684,0.0880249939523
4.1,0.0404095490742,0.0879806539684
4.101,0.0404975066492,0.0879341326449
4.102,0.0405854166131,0.0878854320171
4.103,0.0406732767875,0.0878345541738
4.104,0.0407610849964,0.0877815012575
4.105,0.0408488390657,0.0877262754639
4.106,0.0409365368238,0.0876688790425
4.107,0.041024176101,0.0876093142959
4.108,0.0411117547304,0.0875475835802
4.109,0.041199270547,0.0874836893045
4.11,0.0412867213886,0.087417633931
4.111,0.0413741050953,0.0873494199752
4.112,0.0414614195099,0.0872790500052
4.113,0.0415486624776,0.0872065266422
4.114,0.0416358318463,0.0871318525601
4.115,0.0417229254667,0.0870550304854
4.116,0.0418099411922,0.0869760631975
4.117,0.0418968768789,0.0868949535279
4.118,0.0419837303861,0.0868117043608
4.119,0.0420704995755,0.0867263186327
4.12,0.0421571823121,0.0866387993321
4.121,0.042243776464,0.0865491494999
4.122,0.042330279902,0.0864573722289
4.123,0.0424166905003,0.0863634706639
4.124,0.0425030061363,0.0862674480015
4.125,0.0425892246904,0.0861693074901
4.126,0.0426753440464,0.0860690524296
4.127,0.0427613620915,0.0859666861716
4.128,0.0428472767161,0.085862212119
4.129,0.0429330858143,0.085755633726
4.13,0.0430187872833,0.0856469544983
4.131,0.0431043790242,0.0855361779923
4.132,0.0431898589414,0.0854233078157
4.133,0.0432752249431,0.085308347627
4.134,0.0433604749412,0.0851913011353
4.135,0.0434456068512,0.0850721721007
4.136,0.0435306185925,0.0849509643336
4.137,0.0436155080883,0.084827681695
4.138,0.0437002732656,0.084702328096
4.139,0.0437849120555,0.0845749074981
4.14,0.0438694223929,0.0844454239127
4.141,0.043953802217,0.0843138814014
4.142,0.0440380494708,0.0841802840755
4.143,0.0441221621016,0.0840446360959
4.144,0.0442061380608,0.0839069416733
4.145,0.0442899753042,0.0837672050678
4.146,0.0443736717917,0.0836254305887
4.147,0.0444572254875,0.0834816225948
4.148,0.0445406343605,0.0833357854937
4.149,0.0446238963836,0.0831879237421
4.15,0.0447070095346,0.0830380418455
4.151,0.0447899717955,0.0828861443581
4.152,0.044872781153,0.0827322358826
4.153,0.0449554355984,0.0825763210702
4.154,0.0450379331279,0.0824184046203
4.155,0.0451202717421,0.0822584912806
4.156,0.0452024494464,0.0820965858467
4.157,0.0452844642513,0.0819326931621
4.158,0.045366314172,0.081766818118
4.159,0.0454479972284,0.0815989656532
4.16,0.0455295114458,0.081429140754
4.161,0.0456108548541,0.081257348454
4.162,0.0456920254886,0.081083593834
4.163,0.0457730213894,0.0809078820216
4.164,0.045853840602,0.0807302181916
4.165,0.0459344811769,0.0805506075652
4.166,0.0460149411699,0.0803690554104
4.167,0.0460952186423,0.0801855670415
4.168,0.0461753116604,0.0800001478192
4.169,0.0462552182961,0.0798128031502
4.17,0.0463349366267,0.0796235384871
4.171,0.0464144647349,0.0794323593285
4.172,0.046493800709,0.0792392712185
4.173,0.0465729426429,0.0790442797469
4.174,0.0466518886359,0.0788473905485
4.175,0.0467306367933,0.0786486093035
4.176,0.0468091852258,0.0784479417372
4.177,0.0468875320499,0.0782453936197
4.178,0.0469656753881,0.0780409707655
4.179,0.0470436133685,0.0778346790342
4.18,0.0471213441252,0.0776265243292
4.181,0.0471988657981,0.0774165125984
4.182,0.0472761765334,0.0772046498338
4.183,0.0473532744828,0.0769909420711
4.184,0.0474301578045,0.0767753953898
4.185,0.0475068246626,0.0765580159128
4.186,0.0475832732275,0.0763388098066
4.187,0.0476595016755,0.0761177832806
4.188,0.0477355081893,0.0758949425875
4.189,0.047811290958,0.0756702940227
4.19,0.0478868481768,0.0754438439242
4.191,0.0479621780475,0.0752155986726
4.192,0.0480372787779,0.0749855646909
4.193,0.0481121485828,0.074753748444
4.194,0.0481867856829,0.074520156439
4.195,0.0482611883059,0.0742847952246
4.196,0.0483353546858,0.0740476713912
4.197,0.0484092830634,0.0738087915707
4.198,0.0484829716859,0.073568162436
4.199,0.0485564188074,0.0733257907013
4.2,0.0486296226886,0.0730816831215
4.201,0.0487025815972,0.0728358464923
4.202,0.0487752938076,0.0725882876499
4.203,0.0488477576008,0.0723390134707
4.204,0.048919971265,0.0720880308713
4.205,0.0489919330954,0.0718353468082
4.206,0.0490636413938,0.0715809682778
4.207,0.0491350944694,0.0713249023158
4.208,0.0492062906383,0.0710671559974
4.209,0.0492772282237,0.070807736437
4.21,0.0493479055558,0.070546650788
4.211,0.0494183209723,0.0702839062424
4.212,0.0494884728178,0.070019510031
4.213,0.0495583594442,0.0697534694229
4.214,0.0496279792109,0.0694857917254
4.215,0.0496973304844,0.0692164842837
4.216,0.0497664116387,0.0689455544811
4.217,0.0498352210551,0.068673009738
4.218,0.0499037571223,0.0683988575128
4.219,0.0499720182368,0.0681231053005
4.22,0.0500400028021,0.0678457606336
4.221,0.0501077092297,0.067566831081
4.222,0.0501751359385,0.0672863242485
4.223,0.050242281355,0.0670042477781
4.224,0.0503091439134,0.066720609348
4.225,0.0503757220556,0.0664354166723
4.226,0.0504420142313,0.0661486775011
4.227,0.0505080188977,0.0658603996199
4.228,0.0505737345202,0.0655705908494
4.229,0.0506391595717,0.0652792590457
4.23,0.0507042925333,0.0649864120997
4.231,0.0507691318935,0.064692057937
4.232,0.0508336761494,0.0643962045177
4.233,0.0508979238055,0.0640988598364
4.234,0.0509618733746,0.0638000319214
4.235,0.0510255233776,0.0634997288352
4.236,0.0510888723433,0.0631979586737
4.237,0.0511519188086,0.0628947295665
4.238,0.0512146613188,0.0625900496761
4.239,0.0512770984271,0.0622839271982
4.24,0.0513392286951,0.0619763703612
4.241,0.0514010506925,0.0616673874262
4.242,0.0514625629973,0.0613569866864
4.243,0.051523764196,0.0610451764675
4.244,0.0515846528832,0.0607319651266
4.245,0.051645227662,0.0604173610528
4.246,0.0517054871439,0.0601013726667
4.247,0.0517654299487,0.0597840084199
4.248,0.0518250547049,0.0594652767952
4.249,0.0518843600494,0.0591451863062
4.25,0.0519433446275,0.0588237454968
4.251,0.0520020070931,0.0585009629416
4.252,0.052060346109,0.058176847245
4.253,0.0521183603461,0.0578514070414
4.254,0.0521760484844,0.057524650995
4.255,0.0522334092124,0.0571965877991
4.256,0.0522904412272,0.0568672261765
4.257,0.0523471432348,0.0565365748788
4.258,0.05240351395,0.0562046426864
4.259,0.0524595520962,0.0558714384082
4.26,0.0525152564057,0.0555369708813
4.261,0.0525706256198,0.0552012489709
4.262,0.0526256584885,0.0548642815701
4.263,0.0526803537708,0.0545260775994
4.264,0.0527347102345,0.0541866460067
4.265,0.0527887266566,0.053845995767
4.266,0.0528424018228,0.0535041358823
4.267,0.0528957345281,0.0531610753811
4.268,0.0529487235764,0.0528168233183
4.269,0.0530013677806,0.052471388775
4.27,0.0530536659628,0.0521247808582
4.271,0.0531056169542,0.0517770087007
4.272,0.0531572195952,0.0514280814605
4.273,0.0532084727352,0.051078008321
4.274,0.0532593752329,0.0507267984906
4.275,0.0533099259564,0.0503744612024
4.276,0.0533601237826,0.0500210057138
4.277,0.0534099675981,0.0496664413066
4.278,0.0534594562987,0.0493107772867
4.279,0.0535085887893,0.0489540229837
4.28,0.0535573639843,0.0485961877505
4.281,0.0536057808076,0.0482372809636
4.282,0.0536538381922,0.0478773120223
4.283,0.0537015350807,0.0475162903488
4.284,0.0537488704251,0.0471542253879
4.285,0.0537958431869,0.0467911266066
4.286,0.0538424523369,0.046427003494
4.287,0.0538886968556,0.0460618655609
4.288,0.0539345757329,0.0456957223398
4.289,0.0539800879684,0.0453285833845
4.29,0.054025232571,0.0449604582698
4.291,0.0540700085594,0.0445913565913
4.292,0.0541144149619,0.0442212879654
4.293,0.0541584508162,0.0438502620284
4.294,0.05420211517,0.0434782884371
4.295,0.0542454070804,0.0431053768679
4.296,0.0542883256143,0.0427315370169
4.297,0.0543308698483,0.0423567785993
4.298,0.0543730388686,0.0419811113495
4.299,0.0544148317713,0.0416045450209
4.3,0.0544562476622,0.0412270893853
4.301,0.0544972856569,0.0408487542327
4.302,0.0545379448808,0.0404695493715
4.303,0.054578224469,0.0400894846275
4.304,0.0546181235667,0.0397085698444
4.305,0.0546576413286,0.0393268148831
4.306,0.0546967769197,0.0389442296215
4.307,0.0547355295144,0.0385608239545
4.308,0.0547738982974,0.0381766077932
4.309,0.0548118824631,0.0377915910652
4.31,0.054849481216,0.0374057837144
4.311,0.0548866937703,0.0370191956999
4.312,0.0549235193505,0.0366318369968
4.313,0.0549599571908,0.0362437175954
4.314,0.0549960065355,0.0358548475008
4.315,0.0550316666389,0.035465236733
4.316,0.0550669367654,0.0350748953267
4.317,0.0551018161893,0.0346838333304
4.318,0.0551363041952,0.0342920608071
4.319,0.0551704000775,0.0338995878331
4.32,0.0552041031407,0.0335064244985
4.321,0.0552374126997,0.0331125809064
4.322,0.0552703280792,0.032718067173
4.323,0.0553028486141,0.0323228934271
4.324,0.0553349736494,0.03192706981
4.325,0.0553667025404,0.0315306064753
4.326,0.0553980346525,0.0311335135883
4.327,0.0554289693612,0.0307358013261
4.328,0.0554595060521,0.0303374798772
4.329,0.0554896441212,0.0299385594413
4.33,0.0555193829747,0.0295390502289
4.331,0.0555487220289,0.0291389624612
4.332,0.0555776607102,0.0287383063697
4.333,0.0556061984556,0.0283370921961
4.334,0.055634334712,0.027935330192
4.335,0.0556620689368,0.0275330306183
4.336,0.0556894005975,0.0271302037456
4.337,0.0557163291719,0.0267268598534
4.338,0.0557428541482,0.0263230092301
4.339,0.0557689750249,0.0259186621723
4.34,0.0557946913106,0.0255138289855
4.341,0.0558200025243,0.0251085199827
4.342,0.0558449081954,0.0247027454849
4.343,0.0558694078635,0.0242965158206
4.344,0.0558935010787,0.0238898413255
4.345,0.0559171874013,0.0234827323423
4.346,0.055940466402,0.0230751992204
4.347,0.0559633376618,0.0226672523158
4.348,0.0559858007722,0.0222589019905
4.349,0.0560078553348,0.0218501586126
4.35,0.0560295009618,0.0214410325557
4.351,0.0560507372758,0.0210315341991
4.352,0.0560715639096,0.0206216739269
4.353,0.0560919805065,0.0202114621283
4.354,0.0561119867201,0.0198009091972
4.355,0.0561315822146,0.0193900255317
4.356,0.0561507666644,0.0189788215341
4.357,0.0561695397544,0.0185673076106
4.358,0.0561879011798,0.0181554941708
4.359,0.0562058506464,0.0177433916278
4.36,0.0562233878702,0.0173310103977
4.361,0.0562405125777,0.0169183608994
4.362,0.056257224506,0.0165054535543
4.363,0.0562735234024,0.0160922987862
4.364,0.0562894090246,0.0156789070207
4.365,0.0563048811409,0.0152652886854
4.366,0.0563199395299,0.0148514542093
4.367,0.0563345839807,0.0144374140225
4.368,0.0563488142929,0.0140231785562
4.369,0.0563626302762,0.0136087582424
4.37,0.0563760317512,0.0131941635133
4.371,0.0563890185486,0.0127794048015
4.372,0.0564015905096,0.0123644925395
4.373,0.056413747486,0.0119494371593
4.374,0.0564254893397,0.0115342490925
4.375,0.0564368159434,0.0111189387698
4.376,0.05644772718,0.0107035166206
4.377,0.0564582229429,0.0102879930733
4.378,0.0564683031358,0.00987237855425
4.379,0.0564779676731,0.00945668348819
4.38,0.0564872164794,0.00904091829758
4.381,0.0564960494898,0.00862509340251
4.382,0.0565044666498,0.00820921922037
4.383,0.0565124679153,0.00779330616562
4.384,0.0565200532526,0.00737736464954
4.385,0.0565272226386,0.00696140507995
4.386,0.0565339760602,0.00654543786095
4.387,0.0565403135152,0.00612947339268
4.388,0.0565462350114,0.00571352207105
4.389,0.0565517405672,0.00529759428749
4.39,0.0565568302113,0.00488170042867
4.391,0.0565615039828,0.00446585087628
4.392,0.0565657619313,0.00405005600674
4.393,0.0565696041165,0.00363432619094
4.394,0.0565730306088,0.00321867179402
4.395,0.0565760414887,0.00280310317507
4.396,0.0565786368472,0.00238763068691
4.397,0.0565808167856,0.00197226467581
4.398,0.0565825814155,0.00155701548123
4.399,0.0565839308589,0.00114189343559
4.4,0.0565848652482,0.000726908863995
4.401,0.0565853847259,0.000312072083986
4.402,0.0565854894451,-0.000102606594719
4.403,0.0565851795689,-0.000517116870476
4.404,0.0565844552709,-0.00093144844997
4.405,0.056583316735,-0.00134559104847
4.406,0.0565817641552,-0.00175953439007
4.407,0.056579797736,-0.00217326820798
4.408,0.056577417692,-0.00258678224473
4.409,0.0565746242482,-0.00300006625245
4.41,0.0565714176396,-0.00341310999313
4.411,0.0565677981117,-0.00382590323884
4.412,0.0565637659201,-0.00423843577201
4.413,0.0565593213305,-0.00465069738569
4.414,0.056554464619,-0.00506267788376
4.415,0.0565491960718,-0.0054743670812
4.416,0.0565435159853,-0.00588575480438
4.417,0.0565374246661,-0.00629683089123
4.418,0.0565309224308,-0.00670758519156
4.419,0.0565240096063,-0.00711800756729
4.42,0.0565166865297,-0.00752808789266
4.421,0.0565089535479,-0.00793781605453
4.422,0.0565008110183,-0.00834718195261
4.423,0.0564922593082,-0.00875617549969
4.424,0.0564832987948,-0.00916478662191
4.425,0.0564739298657,-0.00957300525899
4.426,0.0564641529185,-0.0099808213645
4.427,0.0564539683605,-0.0103882249061
4.428,0.0564433766095,-0.0107952058657
4.429,0.056432378093,-0.0112017542398
4.43,0.0564209732486,-0.0116078600399
4.431,0.0564091625238,-0.0120135132922
4.432,0.0563969463761,-0.0124187040385
4.433,0.0563843252732,-0.0128234223361
4.434,0.0563712996923,-0.013227658258
4.435,0.0563578701207,-0.0136314018932
4.436,0.0563440370559,-0.014034643347
4.437,0.0563298010047,-0.0144373727414
4.438,0.0563151624844,-0.0148395802147
4.439,0.0563001220216,-0.0152412559228
4.44,0.056284680153,-0.0156423900382
4.441,0.0562688374253,-0.0160429727514
4.442,0.0562525943946,-0.0164429942703
4.443,0.0562359516271,-0.0168424448207
4.444,0.0562189096985,-0.0172413146468
4.445,0.0562014691946,-0.0176395940112
4.446,0.0561836307106,-0.0180372731949
4.447,0.0561653948515,-0.018434342498
4.448,0.0561467622321,-0.0188307922397
4.449,0.0561277334768,-0.0192266127586
4.45,0.0561083092195,-0.0196217944127
4.451,0.0560884901041,-0.02001632758
4.452,0.0560682767837,-0.0204102026585
4.453,0.0560476699213,-0.0208034100666
4.454,0.0560266701894,-0.0211959402429
4.455,0.0560052782698,-0.0215877836472
4.456,0.0559834948542,-0.0219789307599
4.457,0.0559613206435,-0.0223693720827
4.458,0.0559387563484,-0.022759098139
4.459,0.0559158026888,-0.0231480994736
4.46,0.0558924603942,-0.0235363666531
4.461,0.0558687302034,-0.0239238902666
4.462,0.0558446128646,-0.0243106609252
4.463,0.0558201091356,-0.0246966692628
4.464,0.0557952197833,-0.025081905936
4.465,0.0557699455841,-0.0254663616243
4.466,0.0557442873235,-0.0258500270307
4.467,0.0557182457965,-0.0262328928816
4.468,0.0556918218074,-0.0266149499269
4.469,0.0556650161694,-0.0269961889407
4.47,0.0556378297052,-0.027376600721
4.471,0.0556102632467,-0.0277561760902
4.472,0.0555823176349,-0.0281349058956
4.473,0.0555539937198,-0.0285127810087
4.474,0.0555252923608,-0.0288897923265
4.475,0.0554962144261,-0.0292659307711
4.476,0.0554667607932,-0.02964118729
4.477,0.0554369323486,-0.0300155528563
4.478,0.0554067299875,-0.0303890184692
4.479,0.0553761546146,-0.0307615751537
4.48,0.0553452071432,-0.0311332139613
4.481,0.0553138884956,-0.0315039259701
4.482,0.0552821996031,-0.0318737022847
4.483,0.0552501414059,-0.0322425340368
4.484,0.0552177148529,-0.0326104123852
4.485,0.0551849209019,-0.0329773285162
4.486,0.0551517605195,-0.0333432736434
4.487,0.0551182346812,-0.0337082390084
4.488,0.055084344371,-0.0340722158808
4.489,0.0550500905818,-0.0344351955582
4.49,0.0550154743152,-0.0347971693669
4.491,0.0549804965812,-0.0351581286615
4.492,0.0549451583989,-0.0355180648257
4.493,0.0549094607955,-0.035876969272
4.494,0.0548734048071,-0.0362348334422
4.495,0.0548369914782,-0.0365916488076
4.496,0.0548002218619,-0.036947406869
4.497,0.0547630970197,-0.0373020991571
4.498,0.0547256180217,-0.0376557172326
4.499,0.0546877859461,-0.0380082526864
4.5,0.05464960188,-0.0383596971399
4.501,0.0546110669183,-0.0387100422451
4.502,0.0545721821647,-0.0390592796848
4.503,0.0545329487309,-0.0394074011727
4.504,0.0544933677371,-0.039754398454
4.505,0.0544534403115,-0.0401002633049
4.506,0.0544131675907,-0.0404449875335
4.507,0.0543725507194,-0.0407885629796
4.508,0.0543315908504,-0.041130981515
4.509,0.0542902891447,-0.0414722350436
4.51,0.0542486467713,-0.0418123155017
4.511,0.0542066649074,-0.0421512148582
4.512,0.0541643447379,-0.0424889251145
4.513,0.0541216874562,-0.0428254383053
4.514,0.054078694263,-0.0431607464981
4.515,0.0540353663675,-0.0434948417938
4.516,0.0539917049863,-0.0438277163268
4.517,0.0539477113443,-0.044159362265
4.518,0.0539033866739,-0.0444897718104
4.519,0.0538587322154,-0.0448189371989
4.52,0.0538137492168,-0.0451468507005
4.521,0.0537684389339,-0.0454735046198
4.522,0.05372280263,-0.0457988912956
4.523,0.0536768415763,-0.046123003102
4.524,0.0536305570513,-0.0464458324474
4.525,0.0535839503414,-0.0467673717757
4.526,0.0535370227403,-0.0470876135659
4.527,0.0534897755493,-0.0474065503326
4.528,0.0534422100771,-0.0477241746258
4.529,0.05339432764,-0.0480404790314
4.53,0.0533461295614,-0.0483554561712
4.531,0.0532976171725,-0.0486690987032
4.532,0.0532487918113,-0.0489813993216
4.533,0.0531996548236,-0.0492923507573
4.534,0.053150207562,-0.0496019457775
4.535,0.0531004513866,-0.0499101771863
4.536,0.0530503876645,-0.0502170378249
4.537,0.0530000177702,-0.0505225205715
4.538,0.052949343085,-0.0508266183417
4.539,0.0528983649975,-0.0511293240884
4.54,0.0528470849032,-0.0514306308021
4.541,0.0527955042046,-0.0517305315113
4.542,0.0527436243112,-0.0520290192822
4.543,0.0526914466393,-0.0523260872193
4.544,0.0526389726123,-0.052621728465
4.545,0.0525862036602,-0.0529159362005
4.546,0.05253314122,-0.0532087036454
4.547,0.0524797867353,-0.0535000240578
4.548,0.0524261416565,-0.0537898907351
4.549,0.0523722074406,-0.0540782970133
4.55,0.0523179855514,-0.0543652362678
4.551,0.0522634774593,-0.0546507019133
4.552,0.052208684641,-0.0549346874039
4.553,0.05215360858,-0.0552171862333
4.554,0.0520982507662,-0.0554981919351
4.555,0.052042612696,-0.0557776980825
4.556,0.0519866958721,-0.0560556982892
4.557,0.0519305018035,-0.0563321862088
4.558,0.0518740320058,-0.0566071555352
4.559,0.0518172880007,-0.0568806000029
4.56,0.0517602713162,-0.057152513387
4.561,0.0517029834864,-0.0574228895034
4.562,0.0516454260517,-0.0576917222088
4.563,0.0515876005585,-0.057959005401
4.564,0.0515295085594,-0.0582247330189
4.565,0.051471151613,-0.0584888990429
4.566,0.0514125312838,-0.0587514974945
4.567,0.0513536491425,-0.0590125224371
4.568,0.0512945067654,-0.0592719679756
4.569,0.051235105735,-0.0595298282569
4.57,0.0511754476393,-0.0597860974697
4.571,0.0511155340723,-0.0600407698449
4.572,0.0510553666338,-0.0602938396555
4.573,0.0509949469291,-0.060545301217
4.574,0.0509342765693,-0.0607951488874
4.575,0.0508733571711,-0.061043377067
4.576,0.0508121903568,-0.0612899801992
4.577,0.0507507777542,-0.0615349527699
4.578,0.0506891209966,-0.0617782893082
4.579,0.0506272217228,-0.0620199843861
4.58,0.0505650815768,-0.0622600326191
4.581,0.0505027022083,-0.0624984286657
4.582,0.050440085272,-0.0627351672278
4.583,0.0503772324281,-0.0629702430513
4.584,0.0503141453419,-0.0632036509252
4.585,0.0502508256839,-0.0634353856826
4.586,0.0501872751299,-0.0636654422005
4.587,0.0501234953606,-0.0638938153997
4.588,0.0500594880619,-0.0641205002452
4.589,0.0499952549246,-0.0643454917463
4.59,0.0499307976445,-0.0645687849566
4.591,0.0498661179224,-0.064790374974
4.592,0.0498012174639,-0.065010256941
4.593,0.0497360979795,-0.0652284260448
4.594,0.0496707611844,-0.0654448775173
4.595,0.0496052087986,-0.0656596066351
4.596,0.0495394425468,-0.0658726087199
4.597,0.0494734641584,-0.0660838791385
4.598,0.0494072753673,-0.0662934133027
4.599,0.049340877912,-0.0665012066695
4.6,0.0492742735357,-0.0667072547413
4.601,0.0492074639858,-0.066911553066
4.602,0.0491404510143,-0.0671140972368
4.603,0.0490732363775,-0.0673148828928
4.604,0.0490058218361,-0.0675139057186
4.605,0.0489382091551,-0.0677111614445
4.606,0.0488704001036,-0.0679066458469
4.607,0.0488023964552,-0.0681003547481
4.608,0.0487341999874,-0.0682922840163
4.609,0.0486658124818,-0.0684824295661
4.61,0.0485972357242,-0.068670787358
4.611,0.0485284715043,-0.0688573533991
4.612,0.0484595216159,-0.0690421237427
4.613,0.0483903878567,-0.0692250944886
4.614,0.0483210720281,-0.0694062617832
4.615,0.0482515759355,-0.0695856218194
4.616,0.0481819013881,-0.0697631708368
4.617,0.0481120501988,-0.069938905122
4.618,0.048042024184,-0.0701128210083
4.619,0.0479718251641,-0.0702849148757
4.62,0.0479014549628,-0.0704551831515
4.621,0.0478309154075,-0.0706236223099
4.622,0.0477602083291,-0.0707902288723
4.623,0.0476893355618,-0.0709549994073
4.624,0.0476182989434,-0.0711179305307
4.625,0.047547100315,-0.0712790189057
4.626,0.0474757415209,-0.0714382612427
4.627,0.0474042244089,-0.0715956543
4.628,0.0473325508298,-0.0717511948828
4.629,0.0472607226377,-0.0719048798445
4.63,0.0471887416897,-0.0720567060857
4.631,0.0471166098461,-0.0722066705549
4.632,0.0470443289702,-0.0723547702483
4.633,0.0469719009282,-0.0725010022099
4.634,0.0468993275893,-0.0726453635315
4.635,0.0468266108256,-0.0727878513531
4.636,0.046753752512,-0.0729284628623
4.637,0.0466807545263,-0.073067195295
4.638,0.0466076187487,-0.073204045935
4.639,0.0465343470625,-0.0733390121144
4.64,0.0464609413535,-0.0734720912132
4.641,0.04638740351,-0.0736032806599
4.642,0.0463137354229,-0.0737325779311
4.643,0.0462399389857,-0.0738599805518
4.644,0.0461660160942,-0.0739854860951
4.645,0.0460919686466,-0.0741090921829
4.646,0.0460177985437,-0.0742307964851
4.647,0.0459435076884,-0.0743505967205
4.648,0.0458690979857,-0.074468490656
4.649,0.0457945713432,-0.0745844761072
4.65,0.0457199296704,-0.0746985509384
4.651,0.0456451748789,-0.0748107130624
4.652,0.0455703088825,-0.0749209604405
4.653,0.0454953335969,-0.0750292910829
4.654,0.0454202509399,-0.0751357030485
4.655,0.045345062831,-0.0752401944448
4.656,0.0452697711918,-0.0753427634281
4.657,0.0451943779456,-0.0754434082035
4.658,0.0451188850174,-0.0755421270249
4.659,0.0450432943341,-0.0756389181951
4.66,0.0449676078241,-0.0757337800658
4.661,0.0448918274176,-0.0758267110373
4.662,0.0448159550462,-0.0759177095591
4.663,0.0447399926431,-0.0760067741295
4.664,0.0446639421431,-0.0760939032959
4.665,0.0445878054821,-0.0761790956543
4.666,0.0445115845978,-0.07626234985
4.667,0.0444352814289,-0.0763436645772
4.668,0.0443588979156,-0.076423038579
4.669,0.0442824359991,-0.0765004706477
4.67,0.044205897622,-0.0765759596244
4.671,0.0441292847279,-0.0766495043993
4.672,0.0440525992616,-0.0767211039118
4.673,0.0439758431688,-0.0767907571502
4.674,0.0438990183964,-0.0768584631519
4.675,0.0438221268919,-0.0769242210032
4.676,0.043745170604,-0.0769880298397
4.677,0.0436681514822,-0.0770498888459
4.678,0.0435910714766,-0.0771097972554
4.679,0.0435139325381,-0.0771677543509
4.68,0.0434367366185,-0.0772237594642
4.681,0.0433594856701,-0.0772778119761
4.682,0.0432821816456,-0.0773299113163
4.683,0.0432048264987,-0.0773800569638
4.684,0.0431274221831,-0.0774282484465
4.685,0.0430499706533,-0.0774744853413
4.686,0.0429724738641,-0.0775187672744
4.687,0.0428949337705,-0.0775610939206
4.688,0.0428173523281,-0.0776014650039
4.689,0.0427397314924,-0.0776398802974
4.69,0.0426620732195,-0.0776763396231
4.691,0.0425843794652,-0.0777108428519
4.692,0.0425066521858,-0.0777433899035
4.693,0.0424288933375,-0.077773980747
4.694,0.0423511048764,-0.0778026153999
4.695,0.0422732887587,-0.0778292939288
4.696,0.0421954469405,-0.0778540164493
4.697,0.0421175813778,-0.0778767831256
4.698,0.0420396940262,-0.0778975941709
4.699,0.0419617868412,-0.077916449847
4.7,0.0418838617782,-0.0779333504647
4.701,0.0418059207919,-0.0779482963835
4.702,0.0417279658368,-0.0779612880114
4.703,0.0416499988671,-0.0779723258053
4.704,0.0415720218363,-0.0779814102707
4.705,0.0414940366975,-0.0779885419617
4.706,0.0414160454031,-0.077993721481
4.707,0.041338049905,-0.0779969494799
4.708,0.0412600521544,-0.077998226658
4.709,0.0411820541018,-0.0779975537637
4.71,0.0411040576967,-0.0779949315937
4.711,0.041026064888,-0.0779903609931
4.712,0.0409480776239,-0.0779838428552
4.713,0.0408700978512,-0.0779753781219
4.714,0.0407921275162,-0.0779649677833
4.715,0.0407141685638,-0.0779526128777
4.716,0.0406362229382,-0.0779383144914
4.717,0.0405582925823,-0.0779220737592
4.718,0.0404803794378,-0.0779038918638
4.719,0.0404024854452,-0.0778837700359
4.72,0.0403246125439,-0.0778617095543
4.721,0.0402467626719,-0.0778377117456
4.722,0.0401689377657,-0.0778117779846
4.723,0.0400911397608,-0.0777839096937
4.724,0.0400133705907,-0.0777541083429
4.725,0.0399356321879,-0.0777223754504
4.726,0.0398579264831,-0.0776887125818
4.727,0.0397802554055,-0.0776531213502
4.728,0.0397026208827,-0.0776156034165
4.729,0.0396250248404,-0.077576160489
4.73,0.0395474692028,-0.0775347943233
4.731,0.0394699558922,-0.0774915067226
4.732,0.0393924868292,-0.0774462995372
4.733,0.0393150639324,-0.0773991746648
4.734,0.0392376891184,-0.0773501340502
4.735,0.0391603643022,-0.0772991796853
4.736,0.0390830913963,-0.077246313609
4.737,0.0390058723115,-0.0771915379074
4.738,0.0389287089563,-0.077134854713
4.739,0.0388516032372,-0.0770762662057
4.74,0.0387745570583,-0.0770157746118
4.741,0.0386975723216,-0.0769533822044
4.742,0.0386206509267,-0.0768890913031
4.743,0.038543794771,-0.0768229042742
4.744,0.0384670057494,-0.0767548235302
4.745,0.0383902857544,-0.0766848515302
4.746,0.0383136366759,-0.0766129907795
4.747,0.0382370604015,-0.0765392438296
4.748,0.0381605588161,-0.0764636132781
4.749,0.038084133802,-0.0763861017687
4.75,0.0380077872387,-0.076306711991
4.751,0.0379315210032,-0.0762254466805
4.752,0.0378553369696,-0.0761423086185
4.753,0.0377792370092,-0.076057300632
4.754,0.0377032229907,-0.0759704255936
4.755,0.0376272967794,-0.0758816864214
4.756,0.0375514602382,-0.0757910860788
4.757,0.0374757152267,-0.0756986275749
4.758,0.0374000636014,-0.0756043139637
4.759,0.0373245072161,-0.0755081483444
4.76,0.037249047921,-0.0754101338614
4.761,0.0371736875636,-0.0753102737039
4.762,0.0370984279878,-0.0752085711061
4.763,0.0370232710344,-0.0751050293469
4.764,0.036948218541,-0.0749996517497
4.765,0.0368732723417,-0.0748924416826
4.766,0.0367984342673,-0.0747834025583
4.767,0.0367237061452,-0.0746725378336
4.768,0.0366490897991,-0.0745598510097
4.769,0.0365745870493,-0.0744453456319
4.77,0.0365001997128,-0.0743290252895
4.771,0.0364259296025,-0.0742108936157
4.772,0.0363517785281,-0.0740909542877
4.773,0.0362777482953,-0.0739692110262
4.774,0.0362038407061,-0.0738456675957
4.775,0.0361300575589,-0.073720327804
4.776,0.036056400648,-0.0735931955024
4.777,0.0359828717641,-0.0734642745854
4.778,0.0359094726937,-0.0733335689906
4.779,0.0358362052197,-0.0732010826989
4.78,0.0357630711205,-0.0730668197338
4.781,0.0356900721711,-0.0729307841617
4.782,0.0356172101417,-0.0727929800918
4.783,0.035544486799,-0.0726534116757
4.784,0.0354719039051,-0.0725120831075
4.785,0.0353994632181,-0.0723689986237
4.786,0.0353271664917,-0.0722241625028
4.787,0.0352550154755,-0.0720775790655
4.788,0.0351830119146,-0.0719292526745
4.789,0.0351111575497,-0.0717791877342
4.79,0.0350394541171,-0.0716273886908
4.791,0.0349679033488,-0.0714738600319
4.792,0.0348965069721,-0.0713186062868
4.793,0.0348252667098,-0.0711616320259
4.794,0.03475418428,-0.0710029418607
4.795,0.0346832613965,-0.0708425404441
4.796,0.034612499768,-0.0706804324695
4.797,0.0345419010988,-0.0705166226714
4.798,0.0344714670883,-0.0703511158248
4.799,0.0344011994312,-0.0701839167451
4.8,0.0343310998173,-0.0700150302883
4.801,0.0342611699315,-0.0698444613505
4.802,0.0341914114538,-0.0696722148679
4.803,0.0341218260593,-0.0694982958166
4.804,0.034052415418,-0.0693227092128
4.805,0.033983181195,-0.069145460112
4.806,0.0339141250503,-0.0689665536094
4.807,0.0338452486386,-0.0687859948397
4.808,0.0337765536096,-0.0686037889766
4.809,0.0337080416079,-0.0684199412331
4.81,0.0336397142727,-0.0682344568611
4.811,0.033571573238,-0.0680473411513
4.812,0.0335036201324,-0.067858599433
4.813,0.0334358565793,-0.0676682370741
4.814,0.0333682841966,-0.0674762594808
4.815,0.0333009045969,-0.0672826720975
4.816,0.0332337193872,-0.0670874804068
4.817,0.0331667301691,-0.066890689929
4.818,0.0330999385384,-0.0666923062223
4.819,0.0330333460858,-0.0664923348824
4.82,0.032966954396,-0.0662907815426
4.821,0.0329007650482,-0.0660876518733
4.822,0.0328347796158,-0.0658829515822
4.823,0.0327689996666,-0.0656766864139
4.824,0.0327034267627,-0.0654688621497
4.825,0.0326380624601,-0.0652594846078
4.826,0.0325729083093,-0.0650485596426
4.827,0.0325079658547,-0.0648360931452
4.828,0.0324432366349,-0.0646220910425
4.829,0.0323787221825,-0.0644065592978
4.83,0.0323144240241,-0.0641895039098
4.831,0.0322503436805,-0.0639709309133
4.832,0.0321864826662,-0.0637508463784
4.833,0.0321228424896,-0.0635292564106
4.834,0.0320594246531,-0.0633061671505
4.835,0.031996230653,-0.0630815847739
4.836,0.0319332619792,-0.0628555154913
4.837,0.0318705201155,-0.062627965548
4.838,0.0318080065396,-0.0623989412236
4.839,0.0317457227225,-0.0621684488324
4.84,0.0316836701291,-0.0619364947225
4.841,0.0316218502181,-0.0617030852761
4.842,0.0315602644416,-0.0614682269095
4.843,0.0314989142451,-0.0612319260722
4.844,0.0314378010681,-0.0609941892475
4.845,0.0313769263431,-0.0607550229519
4.846,0.0313162914965,-0.060514433735
4.847,0.0312558979478,-0.0602724281794
4.848,0.03119574711,-0.0600290129004
4.849,0.0311358403897,-0.059784194546
4.85,0.0310761791864,-0.0595379797964
4.851,0.0310167648933,-0.0592903753643
4.852,0.0309575988967,-0.0590413879943
4.853,0.030898682576,-0.0587910244629
4.854,0.0308400173042,-0.0585392915782
4.855,0.030781604447,-0.05828619618
4.856,0.0307234453637,-0.0580317451392
4.857,0.0306655414063,-0.0577759453579
4.858,0.0306078939203,-0.0575188037694
4.859,0.0305505042438,-0.0572603273373
4.86,0.0304933737082,-0.0570005230562
4.861,0.0304365036379,-0.0567393979509
4.862,0.0303798953502,-0.0564769590765
4.863,0.0303235501553,-0.0562132135179
4.864,0.0302674693564,-0.05594816839
4.865,0.0302116542494,-0.0556818308374
4.866,0.0301561061231,-0.055414208034
4.867,0.0301008262593,-0.0551453071831
4.868,0.0300458159324,-0.0548751355168
4.869,0.0299910764095,-0.0546037002964
4.87,0.0299366089505,-0.0543310088118
4.871,0.0298824148082,-0.0540570683811
4.872,0.0298284952276,-0.053781886351
4.873,0.0297748514469,-0.0535054700963
4.874,0.0297214846964,-0.0532278270195
4.875,0.0296683961993,-0.0529489645509
4.876,0.0296155871713,-0.0526688901483
4.877,0.0295630588205,-0.0523876112969
4.878,0.0295108123476,-0.0521051355089
4.879,0.0294588489459,-0.0518214703234
4.88,0.0294071698009,-0.0515366233063
4.881,0.0293557760907,-0.05125060205
4.882,0.0293046689857,-0.0509634141731
4.883,0.0292538496487,-0.0506750673205
4.884,0.0292033192348,-0.0503855691629
4.885,0.0291530788916,-0.0500949273967
4.886,0.0291031297587,-0.0498031497438
4.887,0.0290534729681,-0.0495102439514
4.888,0.0290041096442,-0.049216217792
4.889,0.0289550409034,-0.0489210790626
4.89,0.0289062678544,-0.0486248355853
4.891,0.0288577915979,-0.0483274952064
4.892,0.028809613227,-0.0480290657966
4.893,0.0287617338267,-0.0477295552507
4.894,0.0287141544742,-0.0474289714872
4.895,0.0286668762388,-0.0471273224486
4.896,0.0286199001817,-0.0468246161004
4.897,0.0285732273564,-0.0465208604316
4.898,0.028526858808,-0.0462160634543
4.899,0.0284807955739,-0.0459102332033
4.9,0.0284350386833,-0.045603377736
4.901,0.0283895891574,-0.0452955051323
4.902,0.0283444480094,-0.0449866234941
4.903,0.0282996162441,-0.0446767409456
4.904,0.0282550948584,-0.0443658656325
4.905,0.028210884841,-0.044054005722
4.906,0.0281669871724,-0.043741169403
4.907,0.028123402825,-0.0434273648852
4.908,0.0280801327627,-0.0431126003994
4.909,0.0280371779414,-0.042796884197
4.91,0.0279945393087,-0.0424802245498
4.911,0.027952217804,-0.0421626297502
4.912,0.0279102143582,-0.0418441081103
4.913,0.027868529894,-0.0415246679623
4.914,0.0278271653257,-0.0412043176578
4.915,0.0277861215592,-0.040883065568
4.916,0.0277453994923,-0.0405609200833
4.917,0.0277050000141,-0.0402378896128
4.918,0.0276649240053,-0.0399139825847
4.919,0.0276251723383,-0.0395892074456
4.92,0.0275857458769,-0.0392635726604
4.921,0.0275466454767,-0.038937086712
4.922,0.0275078719844,-0.0386097581014
4.923,0.0274694262385,-0.0382815953472
4.924,0.0274313090689,-0.0379526069853
4.925,0.0273935212969,-0.037622801569
4.926,0.0273560637353,-0.0372921876684
4.927,0.0273189371882,-0.0369607738707
4.928,0.0272821424513,-0.0366285687793
4.929,0.0272456803115,-0.0362955810143
4.93,0.0272095515473,-0.0359618192114
4.931,0.0271737569282,-0.0356272920228
4.932,0.0271382972155,-0.035292008116
4.933,0.0271031731614,-0.034955976174
4.934,0.0270683855096,-0.0346192048951
4.935,0.0270339349951,-0.0342817029925
4.936,0.0269998223442,-0.0339434791942
4.937,0.0269660482744,-0.0336045422429
4.938,0.0269326134945,-0.0332649008955
4.939,0.0268995187045,-0.032924563923
4.94,0.0268667645956,-0.0325835401102
4.941,0.0268343518503,-0.0322418382558
4.942,0.0268022811422,-0.0318994671717
4.943,0.0267705531361,-0.031556435683
4.944,0.026739168488,-0.0312127526281
4.945,0.0267081278451,-0.0308684268578
4.946,0.0266774318456,-0.0305234672354
4.947,0.0266470811189,-0.0301778826369
4.948,0.0266170762857,-0.0298316819499
4.949,0.0265874179574,-0.0294848740741
4.95,0.026558106737,-0.0291374679208
4.951,0.026529143218,-0.0287894724127
4.952,0.0265005279856,-0.0284408964836
4.953,0.0264722616156,-0.0280917490782
4.954,0.026444344675,-0.027742039152
4.955,0.0264167777218,-0.027391775671
4.956,0.0263895613051,-0.0270409676113
4.957,0.0263626959651,-0.0266896239592
4.958,0.0263361822328,-0.0263377537107
4.959,0.0263100206302,-0.0259853658713
4.96,0.0262842116705,-0.025632469456
4.961,0.0262587558578,-0.0252790734888
4.962,0.0262336536871,-0.0249251870025
4.963,0.0262089056443,-0.0245708190388
4.964,0.0261845122065,-0.0242159786476
4.965,0.0261604738415,-0.0238606748869
4.966,0.0261367910081,-0.0235049168231
4.967,0.0261134641562,-0.0231487135298
4.968,0.0260904937264,-0.0227920740884
4.969,0.0260678801504,-0.0224350075875
4.97,0.0260456238506,-0.0220775231229
4.971,0.0260237252404,-0.0217196297968
4.972,0.0260021847243,-0.0213613367185
4.973,0.0259810026972,-0.0210026530032
4.974,0.0259601795454,-0.0206435877724
4.975,0.0259397156458,-0.0202841501537
4.976,0.0259196113662,-0.0199243492799
4.977,0.0258998670653,-0.0195641942896
4.978,0.0258804830926,-0.0192036943265
4.979,0.0258614597886,-0.0188428585391
4.98,0.0258427974844,-0.0184816960809
4.981,0.0258244965022,-0.0181202161098
4.982,0.025806557155,-0.0177584277879
4.983,0.0257889797464,-0.0173963402814
4.984,0.0257717645711,-0.0170339627603
4.985,0.0257549119145,-0.0166713043982
4.986,0.0257384220528,-0.016308374372
4.987,0.0257222952532,-0.0159451818619
4.988,0.0257065317736,-0.0155817360506
4.989,0.0256911318625,-0.015218046124
4.99,0.0256760957596,-0.0148541212699
4.991,0.0256614236952,-0.0144899706787
4.992,0.0256471158904,-0.0141256035425
4.993,0.0256331725573,-0.0137610290553
4.994,0.0256195938984,-0.0133962564125
4.995,0.0256063801074,-0.0130312948109
4.996,0.0255935313687,-0.0126661534481
4.997,0.0255810478574,-0.0123008415229
4.998,0.0255689297394,-0.0119353682342
4.999,0.0255571771716,-0.0115697427818
5,0.0255457903015,-0.0112039743651
